0,0,0,0,0,0,0,0,0,65
0.0333333333333333,0,0,0,0,0,0,0,0,65
0.0666666666666667,0,0,0,0,0,0,0,0,65
0.1,0,0,0,0,0,0,0,0,65
0.133333333333333,0,0,0,0,0,0,0,0,65
0.166666666666667,0,0,0,0,0,0,0,0,65
0.2,0,0,0,0,0,0,0,0,65
0.233333333333333,0,0,0,0,0,0,0,0,65
0.266666666666667,0,0,0,0,0,0,0,0,65
0.3,0,0,0,0,0,0,0,0,65
0.333333333333333,0,0,0,0,0,0,0,0,65
0.366666666666667,0,0,0,0,0,0,0,0,65
0.4,0,0,0,0,0,0,0,0,65
0.433333333333333,0,0,0,0,0,0,0,0,65
0.466666666666667,0,0,0,0,0,0,0,0,65
0.5,0,0,0,0,0,0,0,0,65
0.533333333333333,0,0,0,0,0,0,0,0,65
0.566666666666667,0,0,0,0,0,0,0,0,65
0.6,0,0,0,0,0,0,0,0,65
0.633333333333333,0,0,0,0,0,0,0,0,65
0.666666666666667,0,0,0,0,0,0,0,0,65
0.7,0,0,0,0,0,0,0,0,65
0.733333333333333,0,0,0,0,0,0,0,0,65
0.766666666666667,0,0,0,0,0,0,0,0,65
0.8,0,0,0,0,0,0,0,0,65
0.833333333333333,0,0,0,0,0,0,0,0,65
0.866666666666667,0,0,0,0,0,0,0,0,65
0.9,0,0,0,0,0,0,0,0,65
0.933333333333333,0,0,0,0,0,0,0,0,65
0.966666666666667,0,0,0,0,0,0,0,0,65
1,0,0,0,0,0,0,0,0,65
1.03333333333333,0,0,0,0,0,0,0,0,65
1.06666666666667,0,0,0,0,0,0,0,0,65
1.1,0,0,0,0,0,0,0,0,65
1.13333333333333,0,0,0,0,0,0,0,0,65
1.16666666666667,0,0,0,0,0,0,0,0,65
1.2,0,0,0,0,0,0,0,0,65
1.23333333333333,0,0,0,0,0,0,0,0,65
1.26666666666667,0,0,0,0,0,0,0,0,65
1.3,0,0,0,0,0,0,0,0,65
1.33333333333333,0,0,0,0,0,0,0,0,65
1.36666666666667,0,0,0,0,0,0,0,0,65
1.4,0,0,0,0,0,0,0,0,65
1.43333333333333,0,0,0,0,0,0,0,0,65
1.46666666666667,0,0,0,0,0,0,0,0,65
1.5,0,0,0,0,0,0,0,0,65
1.53333333333333,0,0,0,0,0,0,0,0,65
1.56666666666667,0,0,0,0,0,0,0,0,65
1.6,0,0,0,0,0,0,0,0,65
1.63333333333333,0,0,0,0,0,0,0,0,65
1.66666666666667,0,0,0,0,0,0,0,0,65
1.7,0,0,0,0,0,0,0,0,65
1.73333333333333,0,0,0,0,0,0,0,0,65
1.76666666666667,0,0,0,0,0,0,0,0,65
1.8,0,0,0,0,0,0,0,0,65
1.83333333333333,0,0,0,0,0,0,0,0,65
1.86666666666667,0,0,0,0,0,0,0,0,65
1.9,0,0,0,0,0,0,0,0,65
1.93333333333333,0,0,0,0,0,0,0,0,65
1.96666666666667,0,0,0,0,0,0,0,0,65
2,0,0,0,0,0,0,0,0,65
2.03333333333333,0,0,0,0,0,0,0,0,65
2.06666666666667,0,0,0,0,0,0,0,0,65
2.1,0,0,0,0,0,0,0,0,65
2.13333333333333,0,0,0,0,0,0,0,0,65
2.16666666666667,0,0,0,0,0,0,0,0,65
2.2,0,0,0,0,0,0,0,0,65
2.23333333333333,0,0,0,0,0,0,0,0,65
2.26666666666667,0,0,0,0,0,0,0,0,65
2.3,0,0,0,0,0,0,0,0,65
2.33333333333333,0,0,0,0,0,0,0,0,65
2.36666666666667,0,0,0,0,0,0,0,0,65
2.4,0,0,0,0,0,0,0,0,65
2.43333333333333,0,0,0,0,0,0,0,0,65
2.46666666666667,0,0,0,0,0,0,0,0,65
2.5,0,0,0,0,0,0,0,0,65
2.53333333333333,0,0,0,0,0,0,0,0,65
2.56666666666667,0,0,0,0,0,0,0,0,65
2.6,0,0,0,0,0,0,0,0,65
2.63333333333333,0,0,0,0,0,0,0,0,65
2.66666666666667,0,0,0,0,0,0,0,0,65
2.7,0,0,0,0,0,0,0,0,65
2.73333333333333,0,0,0,0,0,0,0,0,65
2.76666666666667,0,0,0,0,0,0,0,0,65
2.8,0,0,0,0,0,0,0,0,65
2.83333333333333,0,0,0,0,0,0,0,0,65
2.86666666666667,0,0,0,0,0,0,0,0,65
2.9,0,0,0,0,0,0,0,0,65
2.93333333333333,0,0,0,0,0,0,0,0,65
2.96666666666667,0,0,0,0,0,0,0,0,65
3,0,0,0,0,0,0,0,0,65
3.03333333333333,0,0,0,0,0,0,0,0,65
3.06666666666667,0,0,0,0,0,0,0,0,65
3.1,0,0,0,0,0,0,0,0,65
3.13333333333333,0,0,0,0,0,0,0,0,65
3.16666666666667,0,0,0,0,0,0,0,0,65
3.2,0,0,0,0,0,0,0,0,65
3.23333333333333,0,0,0,0,0,0,0,0,65
3.26666666666667,0,0,0,0,0,0,0,0,65
3.3,0,0,0,0,0,0,0,0,65
3.33333333333333,0,0,0,0,0,0,0,0,65
3.36666666666667,0,0,0,0,0,0,0,0,65
3.4,0,0,0,0,0,0,0,0,65
3.43333333333333,0,0,0,0,0,0,0,0,65
3.46666666666667,0,0,0,0,0,0,0,0,65
3.5,0,0,0,0,0,0,0,0,65
3.53333333333333,0,0,0,0,0,0,0,0,65
3.56666666666667,0,0,0,0,0,0,0,0,65
3.6,0,0,0,0,0,0,0,0,65
3.63333333333333,0,0,0,0,0,0,0,0,65
3.66666666666667,0,0,0,0,0,0,0,0,65
3.7,0,0,0,0,0,0,0,0,65
3.73333333333333,0,0,0,0,0,0,0,0,65
3.76666666666667,0,0,0,0,0,0,0,0,65
3.8,0,0,0,0,0,0,0,0,65
3.83333333333333,0,0,0,0,0,0,0,0,65
3.86666666666667,0,0,0,0,0,0,0,0,65
3.9,0,0,0,0,0,0,0,0,65
3.93333333333333,0,0,0,0,0,0,0,0,65
3.96666666666667,0,0,0,0,0,0,0,0,65
4,0,0,0,0,0,0,0,0,65
4.03333333333333,0,0,0,0,0,0,0,0,65
4.06666666666667,0,0,0,0,0,0,0,0,65
4.1,0,0,0,0,0,0,0,0,65
4.13333333333333,0,0,0,0,0,0,0,0,65
4.16666666666667,0,0,0,0,0,0,0,0,65
4.2,0,0,0,0,0,0,0,0,65
4.23333333333333,0,0,0,0,0,0,0,0,65
4.26666666666667,0,0,0,0,0,0,0,0,65
4.3,0,0,0,0,0,0,0,0,65
4.33333333333333,0,0,0,0,0,0,0,0,65
4.36666666666667,0,0,0,0,0,0,0,0,65
4.4,0,0,0,0,0,0,0,0,65
4.43333333333333,0,0,0,0,0,0,0,0,65
4.46666666666667,0,0,0,0,0,0,0,0,65
4.5,0,0,0,0,0,0,0,0,65
4.53333333333333,0,0,0,0,0,0,0,0,65
4.56666666666667,0,0,0,0,0,0,0,0,65
4.6,0,0,0,0,0,0,0,0,65
4.63333333333333,0,0,0,0,0,0,0,0,65
4.66666666666667,0,0,0,0,0,0,0,0,65
4.7,0,0,0,0,0,0,0,0,65
4.73333333333333,0,0,0,0,0,0,0,0,65
4.76666666666667,0,0,0,0,0,0,0,0,65
4.8,0,0,0,0,0,0,0,0,65
4.83333333333333,0,0,0,0,0,0,0,0,65
4.86666666666667,0,0,0,0,0,0,0,0,65
4.9,0,0,0,0,0,0,0,0,65
4.93333333333333,0,0,0,0,0,0,0,0,65
4.96666666666667,0,0,0,0,0,0,0,0,65
5,0,0,0,0,0,0,0,0,65
5.03333333333333,0,0,0,0,0,0,0,0,65
5.06666666666667,0,0,0,0,0,0,0,0,65
5.1,0,0,0,0,0,0,0,0,65
5.13333333333333,0,0,0,0,0,0,0,0,65
5.16666666666667,0,0,0,0,0,0,0,0,65
5.2,0,0,0,0,0,0,0,0,65
5.23333333333333,0,0,0,0,0,0,0,0,65
5.26666666666667,0,0,0,0,0,0,0,0,65
5.3,0,0,0,0,0,0,0,0,65
5.33333333333333,0,0,0,0,0,0,0,0,65
5.36666666666667,0,0,0,0,0,0,0,0,65
5.4,0,0,0,0,0,0,0,0,65
5.43333333333333,0,0,0,0,0,0,0,0,65
5.46666666666667,0,0,0,0,0,0,0,0,65
5.5,0,0,0,0,0,0,0,0,65
5.53333333333333,0,0,0,0,0,0,0,0,65
5.56666666666667,0,0,0,0,0,0,0,0,65
5.6,0,0,0,0,0,0,0,0,65
5.63333333333333,0,0,0,0,0,0,0,0,65
5.66666666666667,0,0,0,0,0,0,0,0,65
5.7,0,0,0,0,0,0,0,0,65
5.73333333333333,0,0,0,0,0,0,0,0,65
5.76666666666667,0,0,0,0,0,0,0,0,65
5.8,0,0,0,0,0,0,0,0,65
5.83333333333333,0,0,0,0,0,0,0,0,65
5.86666666666667,0,0,0,0,0,0,0,0,65
5.9,0,0,0,0,0,0,0,0,65
5.93333333333333,0,0,0,0,0,0,0,0,65
5.96666666666667,0,0,0,0,0,0,0,0,65
6,0,0,0,0,0,0,0,0,65
6.03333333333333,0,0,0,0,0,0,0,0,65
6.06666666666667,0,0,0,0,0,0,0,0,65
6.1,0,0,0,0,0,0,0,0,65
6.13333333333333,0,0,0,0,0,0,0,0,65
6.16666666666667,0,0,0,0,0,0,0,0,65
6.2,0,0,0,0,0,0,0,0,65
6.23333333333333,0,0,0,0,0,0,0,0,65
6.26666666666667,0,0,0,0,0,0,0,0,65
6.3,0,0,0,0,0,0,0,0,65
6.33333333333333,0,0,0,0,0,0,0,0,65
6.36666666666667,0,0,0,0,0,0,0,0,65
6.4,0,0,0,0,0,0,0,0,65
6.43333333333333,0,0,0,0,0,0,0,0,65
6.46666666666667,0,0,0,0,0,0,0,0,65
6.5,0,0,0,0,0,0,0,0,65
6.53333333333333,0,0,0,0,0,0,0,0,65
6.56666666666667,0,0,0,0,0,0,0,0,65
6.6,0,0,0,0,0,0,0,0,65
6.63333333333333,0,0,0,0,0,0,0,0,65
6.66666666666667,0,0,0,0,0,0,0,0,65
6.7,0,0,0,0,0,0,0,0,65
6.73333333333333,0,0,0,0,0,0,0,0,65
6.76666666666667,0,0,0,0,0,0,0,0,65
6.8,0,0,0,0,0,0,0,0,65
6.83333333333333,0,0,0,0,0,0,0,0,65
6.86666666666667,0,0,0,0,0,0,0,0,65
6.9,0,0,0,0,0,0,0,0,65
6.93333333333333,0,0,0,0,0,0,0,0,65
6.96666666666667,0,0,0,0,0,0,0,0,65
7,0,0,0,0,0,0,0,0,65
7.03333333333333,0,0,0,0,0,0,0,0,65
7.06666666666667,0,0,0,0,0,0,0,0,65
7.1,0,0,0,0,0,0,0,0,65
7.13333333333333,0,0,0,0,0,0,0,0,65
7.16666666666667,0,0,0,0,0,0,0,0,65
7.2,0,0,0,0,0,0,0,0,65
7.23333333333333,0,0,0,0,0,0,0,0,65
7.26666666666667,0,0,0,0,0,0,0,0,65
7.3,0,0,0,0,0,0,0,0,65
7.33333333333333,0,0,0,0,0,0,0,0,65
7.36666666666667,0,0,0,0,0,0,0,0,65
7.4,0,0,0,0,0,0,0,0,65
7.43333333333333,0,0,0,0,0,0,0,0,65
7.46666666666667,0,0,0,0,0,0,0,0,65
7.5,0,0,0,0,0,0,0,0,65
7.53333333333333,0,0,0,0,0,0,0,0,65
7.56666666666667,0,0,0,0,0,0,0,0,65
7.6,0,0,0,0,0,0,0,0,65
7.63333333333333,0,0,0,0,0,0,0,0,65
7.66666666666667,0,0,0,0,0,0,0,0,65
7.7,0,0,0,0,0,0,0,0,65
7.73333333333333,0,0,0,0,0,0,0,0,65
7.76666666666667,0,0,0,0,0,0,0,0,65
7.8,0,0,0,0,0,0,0,0,65
7.83333333333333,0,0,0,0,0,0,0,0,65
7.86666666666667,0,0,0,0,0,0,0,0,65
7.9,0,0,0,0,0,0,0,0,65
7.93333333333333,0,0,0,0,0,0,0,0,65
7.96666666666667,0,0,0,0,0,0,0,0,65
8,0,0,0,0,0,0,0,0,65
8.03333333333333,0,0,0,0,0,0,0,0,65
8.06666666666667,0,0,0,0,0,0,0,0,65
8.1,0,0,0,0,0,0,0,0,65
8.13333333333333,0,0,0,0,0,0,0,0,65
8.16666666666667,0,0,0,0,0,0,0,0,65
8.2,0,0,0,0,0,0,0,0,65
8.23333333333333,0,0,0,0,0,0,0,0,65
8.26666666666667,0,0,0,0,0,0,0,0,65
8.3,0,0,0,0,0,0,0,0,65
8.33333333333333,0,0,0,0,0,0,0,0,65
8.36666666666667,0,0,0,0,0,0,0,0,65
8.4,0,0,0,0,0,0,0,0,65
8.43333333333333,0,0,0,0,0,0,0,0,65
8.46666666666667,0,0,0,0,0,0,0,0,65
8.5,0,0,0,0,0,0,0,0,65
8.53333333333333,0,0,0,0,0,0,0,0,65
8.56666666666667,0,0,0,0,0,0,0,0,65
8.6,0,0,0,0,0,0,0,0,65
8.63333333333333,0,0,0,0,0,0,0,0,65
8.66666666666667,0,0,0,0,0,0,0,0,65
8.7,0,0,0,0,0,0,0,0,65
8.73333333333333,0,0,0,0,0,0,0,0,65
8.76666666666667,0,0,0,0,0,0,0,0,65
8.8,0,0,0,0,0,0,0,0,65
8.83333333333333,0,0,0,0,0,0,0,0,65
8.86666666666667,0,0,0,0,0,0,0,0,65
8.9,0,0,0,0,0,0,0,0,65
8.93333333333333,0,0,0,0,0,0,0,0,65
8.96666666666667,0,0,0,0,0,0,0,0,65
9,0,0,0,0,0,0,0,0,65
9.03333333333333,0,0,0,0,0,0,0,0,65
9.06666666666667,0,0,0,0,0,0,0,0,65
9.1,0,0,0,0,0,0,0,0,65
9.13333333333333,0,0,0,0,0,0,0,0,65
9.16666666666667,0,0,0,0,0,0,0,0,65
9.2,0,0,0,0,0,0,0,0,65
9.23333333333333,0,0,0,0,0,0,0,0,65
9.26666666666667,0,0,0,0,0,0,0,0,65
9.3,0,0,0,0,0,0,0,0,65
9.33333333333333,0,0,0,0,0,0,0,0,65
9.36666666666667,0,0,0,0,0,0,0,0,65
9.4,0,0,0,0,0,0,0,0,65
9.43333333333333,0,0,0,0,0,0,0,0,65
9.46666666666667,0,0,0,0,0,0,0,0,65
9.5,0,0,0,0,0,0,0,0,65
9.53333333333333,0,0,0,0,0,0,0,0,65
9.56666666666667,0,0,0,0,0,0,0,0,65
9.6,0,0,0,0,0,0,0,0,65
9.63333333333333,0,0,0,0,0,0,0,0,65
9.66666666666667,0,0,0,0,0,0,0,0,65
9.7,0,0,0,0,0,0,0,0,65
9.73333333333333,0,0,0,0,0,0,0,0,65
9.76666666666667,0,0,0,0,0,0,0,0,65
9.8,0,0,0,0,0,0,0,0,65
9.83333333333333,0,0,0,0,0,0,0,0,65
9.86666666666667,0,0,0,0,0,0,0,0,65
9.9,0,0,0,0,0,0,0,0,65
9.93333333333333,0,0,0,0,0,0,0,0,65
9.96666666666667,0,0,0,0,0,0,0,0,65
10,0,0,0,0,0,0,0,0,113
10.0333333333333,0,0,0,0,0,0,0,0,113
10.0666666666667,0,0,0,0,0,0,0,0,113
10.1,0,0,0,0,0,0,0,0,113
10.1333333333333,0,0,0,0,0,0,0,0,113
10.1666666666667,0,0,0,0,0,0,0,0,113
10.2,0,0,0,0,0,0,0,0,113
10.2333333333333,0,0,0,0,0,0,0,0,113
10.2666666666667,0,0,0,0,0,0,0,0,113
10.3,0,0,0,0,0,0,0,0,113
10.3333333333333,0,0,0,0,0,0,0,0,113
10.3666666666667,0,0,0,0,0,0,0,0,113
10.4,0,0,0,0,0,0,0,0,113
10.4333333333333,0,0,0,0,0,0,0,0,113
10.4666666666667,0,0,0,0,0,0,0,0,113
10.5,0,0,0,0,0,0,0,0,113
10.5333333333333,0,0,0,0,0,0,0,0,113
10.5666666666667,0,0,0,0,0,0,0,0,113
10.6,0,0,0,0,0,0,0,0,113
10.6333333333333,0,0,0,0,0,0,0,0,113
10.6666666666667,0,0,0,0,0,0,0,0,113
10.7,0,0,0,0,0,0,0,0,113
10.7333333333333,0,0,0,0,0,0,0,0,113
10.7666666666667,0,0,0,0,0,0,0,0,113
10.8,0,0,0,0,0,0,0,0,113
10.8333333333333,0,0,0,0,0,0,0,0,113
10.8666666666667,0,0,0,0,0,0,0,0,113
10.9,0,0,0,0,0,0,0,0,113
10.9333333333333,0,0,0,0,0,0,0,0,113
10.9666666666667,0,0,0,0,0,0,0,0,113
11,0,0,0,0,0,0,0,0,113
11.0333333333333,0,0,0,0,0,0,0,0,113
11.0666666666667,0,0,0,0,0,0,0,0,113
11.1,0,0,0,0,0,0,0,0,113
11.1333333333333,0,0,0,0,0,0,0,0,113
11.1666666666667,0,0,0,0,0,0,0,0,113
11.2,0,0,0,0,0,0,0,0,113
11.2333333333333,0,0,0,0,0,0,0,0,113
11.2666666666667,0,0,0,0,0,0,0,0,113
11.3,0,0,0,0,0,0,0,0,113
11.3333333333333,0,0,0,0,0,0,0,0,113
11.3666666666667,0,0,0,0,0,0,0,0,113
11.4,0,0,0,0,0,0,0,0,113
11.4333333333333,0,0,0,0,0,0,0,0,113
11.4666666666667,0,0,0,0,0,0,0,0,113
11.5,0,0,0,0,0,0,0,0,113
11.5333333333333,0,0,0,0,0,0,0,0,113
11.5666666666667,0,0,0,0,0,0,0,0,113
11.6,0,0,0,0,0,0,0,0,113
11.6333333333333,0,0,0,0,0,0,0,0,113
11.6666666666667,0,0,0,0,0,0,0,0,113
11.7,0,0,0,0,0,0,0,0,113
11.7333333333333,0,0,0,0,0,0,0,0,113
11.7666666666667,0,0,0,0,0,0,0,0,113
11.8,0,0,0,0,0,0,0,0,113
11.8333333333333,0,0,0,0,0,0,0,0,113
11.8666666666667,0,0,0,0,0,0,0,0,113
11.9,0,0,0,0,0,0,0,0,113
11.9333333333333,0,0,0,0,0,0,0,0,113
11.9666666666667,0,0,0,0,0,0,0,0,113
12,0,0,0,0,0,0,0,0,113
12.0333333333333,0,0,0,0,0,0,0,0,113
12.0666666666667,0,0,0,0,0,0,0,0,113
12.1,0,0,0,0,0,0,0,0,113
12.1333333333333,0,0,0,0,0,0,0,0,113
12.1666666666667,0,0,0,0,0,0,0,0,113
12.2,0,0,0,0,0,0,0,0,113
12.2333333333333,0,0,0,0,0,0,0,0,113
12.2666666666667,0,0,0,0,0,0,0,0,113
12.3,0,0,0,0,0,0,0,0,113
12.3333333333333,0,0,0,0,0,0,0,0,113
12.3666666666667,0,0,0,0,0,0,0,0,113
12.4,0,0,0,0,0,0,0,0,113
12.4333333333333,0,0,0,0,0,0,0,0,113
12.4666666666667,0,0,0,0,0,0,0,0,113
12.5,0,0,0,0,0,0,0,0,113
12.5333333333333,0,0,0,0,0,0,0,0,113
12.5666666666667,0,0,0,0,0,0,0,0,113
12.6,0,0,0,0,0,0,0,0,113
12.6333333333333,0,0,0,0,0,0,0,0,113
12.6666666666667,0,0,0,0,0,0,0,0,113
12.7,0,0,0,0,0,0,0,0,113
12.7333333333333,0,0,0,0,0,0,0,0,113
12.7666666666667,0,0,0,0,0,0,0,0,113
12.8,0,0,0,0,0,0,0,0,113
12.8333333333333,0,0,0,0,0,0,0,0,113
12.8666666666667,0,0,0,0,0,0,0,0,113
12.9,0,0,0,0,0,0,0,0,113
12.9333333333333,0,0,0,0,0,0,0,0,113
12.9666666666667,0,0,0,0,0,0,0,0,113
13,0,0,0,0,0,0,0,0,113
13.0333333333333,0,0,0,0,0,0,0,0,113
13.0666666666667,0,0,0,0,0,0,0,0,113
13.1,0,0,0,0,0,0,0,0,113
13.1333333333333,0,0,0,0,0,0,0,0,113
13.1666666666667,0,0,0,0,0,0,0,0,113
13.2,0,0,0,0,0,0,0,0,113
13.2333333333333,0,0,0,0,0,0,0,0,113
13.2666666666667,0,0,0,0,0,0,0,0,113
13.3,0,0,0,0,0,0,0,0,113
13.3333333333333,0,0,0,0,0,0,0,0,113
13.3666666666667,0,0,0,0,0,0,0,0,113
13.4,0,0,0,0,0,0,0,0,113
13.4333333333333,0,0,0,0,0,0,0,0,113
13.4666666666667,0,0,0,0,0,0,0,0,113
13.5,0,0,0,0,0,0,0,0,113
13.5333333333333,0,0,0,0,0,0,0,0,113
13.5666666666667,0,0,0,0,0,0,0,0,113
13.6,0,0,0,0,0,0,0,0,113
13.6333333333333,0,0,0,0,0,0,0,0,113
13.6666666666667,0,0,0,0,0,0,0,0,113
13.7,0,0,0,0,0,0,0,0,113
13.7333333333333,0,0,0,0,0,0,0,0,113
13.7666666666667,0,0,0,0,0,0,0,0,113
13.8,0,0,0,0,0,0,0,0,113
13.8333333333333,0,0,0,0,0,0,0,0,113
13.8666666666667,0,0,0,0,0,0,0,0,113
13.9,0,0,0,0,0,0,0,0,113
13.9333333333333,0,0,0,0,0,0,0,0,113
13.9666666666667,0,0,0,0,0,0,0,0,113
14,0,0,0,0,0,0,0,0,113
14.0333333333333,0,0,0,0,0,0,0,0,113
14.0666666666667,0,0,0,0,0,0,0,0,113
14.1,0,0,0,0,0,0,0,0,113
14.1333333333333,0,0,0,0,0,0,0,0,113
14.1666666666667,0,0,0,0,0,0,0,0,113
14.2,0,0,0,0,0,0,0,0,113
14.2333333333333,0,0,0,0,0,0,0,0,113
14.2666666666667,0,0,0,0,0,0,0,0,113
14.3,0,0,0,0,0,0,0,0,113
14.3333333333333,0,0,0,0,0,0,0,0,113
14.3666666666667,0,0,0,0,0,0,0,0,113
14.4,0,0,0,0,0,0,0,0,113
14.4333333333333,0,0,0,0,0,0,0,0,113
14.4666666666667,0,0,0,0,0,0,0,0,113
14.5,0,0,0,0,0,0,0,0,113
14.5333333333333,0,0,0,0,0,0,0,0,113
14.5666666666667,0,0,0,0,0,0,0,0,113
14.6,0,0,0,0,0,0,0,0,113
14.6333333333333,0,0,0,0,0,0,0,0,113
14.6666666666667,0,0,0,0,0,0,0,0,113
14.7,0,0,0,0,0,0,0,0,113
14.7333333333333,0,0,0,0,0,0,0,0,113
14.7666666666667,0,0,0,0,0,0,0,0,113
14.8,0,0,0,0,0,0,0,0,113
14.8333333333333,0,0,0,0,0,0,0,0,113
14.8666666666667,0,0,0,0,0,0,0,0,113
14.9,0,0,0,0,0,0,0,0,113
14.9333333333333,0,0,0,0,0,0,0,0,113
14.9666666666667,0,0,0,0,0,0,0,0,113
15,0,0,0,0,0,0,0,0,113
15.0333333333333,0,0,0,0,0,0,0,0,113
15.0666666666667,0,0,0,0,0,0,0,0,113
15.1,0,0,0,0,0,0,0,0,113
15.1333333333333,0,0,0,0,0,0,0,0,113
15.1666666666667,0,0,0,0,0,0,0,0,113
15.2,0,0,0,0,0,0,0,0,113
15.2333333333333,0,0,0,0,0,0,0,0,113
15.2666666666667,0,0,0,0,0,0,0,0,113
15.3,0,0,0,0,0,0,0,0,113
15.3333333333333,0,0,0,0,0,0,0,0,113
15.3666666666667,0,0,0,0,0,0,0,0,113
15.4,0,0,0,0,0,0,0,0,113
15.4333333333333,0,0,0,0,0,0,0,0,113
15.4666666666667,0,0,0,0,0,0,0,0,113
15.5,0,0,0,0,0,0,0,0,113
15.5333333333333,0,0,0,0,0,0,0,0,113
15.5666666666667,0,0,0,0,0,0,0,0,113
15.6,0,0,0,0,0,0,0,0,113
15.6333333333333,0,0,0,0,0,0,0,0,113
15.6666666666667,0,0,0,0,0,0,0,0,113
15.7,0,0,0,0,0,0,0,0,113
15.7333333333333,0,0,0,0,0,0,0,0,113
15.7666666666667,0,0,0,0,0,0,0,0,113
15.8,0,0,0,0,0,0,0,0,113
15.8333333333333,0,0,0,0,0,0,0,0,113
15.8666666666667,0,0,0,0,0,0,0,0,113
15.9,0,0,0,0,0,0,0,0,113
15.9333333333333,0,0,0,0,0,0,0,0,113
15.9666666666667,0,0,0,0,0,0,0,0,113
16,0,0,0,0,0,0,0,0,113
16.0333333333333,0,0,0,0,0,0,0,0,113
16.0666666666667,0,0,0,0,0,0,0,0,113
16.1,0,0,0,0,0,0,0,0,113
16.1333333333333,0,0,0,0,0,0,0,0,113
16.1666666666667,0,0,0,0,0,0,0,0,113
16.2,0,0,0,0,0,0,0,0,113
16.2333333333333,0,0,0,0,0,0,0,0,113
16.2666666666667,0,0,0,0,0,0,0,0,113
16.3,0,0,0,0,0,0,0,0,113
16.3333333333333,0,0,0,0,0,0,0,0,113
16.3666666666667,0,0,0,0,0,0,0,0,113
16.4,0,0,0,0,0,0,0,0,113
16.4333333333333,0,0,0,0,0,0,0,0,113
16.4666666666667,0,0,0,0,0,0,0,0,113
16.5,0,0,0,0,0,0,0,0,113
16.5333333333333,0,0,0,0,0,0,0,0,113
16.5666666666667,0,0,0,0,0,0,0,0,113
16.6,0,0,0,0,0,0,0,0,113
16.6333333333333,0,0,0,0,0,0,0,0,113
16.6666666666667,0,0,0,0,0,0,0,0,113
16.7,0,0,0,0,0,0,0,0,113
16.7333333333333,0,0,0,0,0,0,0,0,113
16.7666666666667,0,0,0,0,0,0,0,0,113
16.8,0,0,0,0,0,0,0,0,113
16.8333333333333,0,0,0,0,0,0,0,0,113
16.8666666666667,0,0,0,0,0,0,0,0,113
16.9,0,0,0,0,0,0,0,0,113
16.9333333333333,0,0,0,0,0,0,0,0,113
16.9666666666667,0,0,0,0,0,0,0,0,113
17,0,0,0,0,0,0,0,0,113
17.0333333333333,0,0,0,0,0,0,0,0,113
17.0666666666667,0,0,0,0,0,0,0,0,113
17.1,0,0,0,0,0,0,0,0,113
17.1333333333333,0,0,0,0,0,0,0,0,113
17.1666666666667,0,0,0,0,0,0,0,0,113
17.2,0,0,0,0,0,0,0,0,113
17.2333333333333,0,0,0,0,0,0,0,0,113
17.2666666666667,0,0,0,0,0,0,0,0,113
17.3,0,0,0,0,0,0,0,0,113
17.3333333333333,0,0,0,0,0,0,0,0,113
17.3666666666667,0,0,0,0,0,0,0,0,113
17.4,0,0,0,0,0,0,0,0,113
17.4333333333333,0,0,0,0,0,0,0,0,113
17.4666666666667,0,0,0,0,0,0,0,0,113
17.5,0,0,0,0,0,0,0,0,113
17.5333333333333,0,0,0,0,0,0,0,0,113
17.5666666666667,0,0,0,0,0,0,0,0,113
17.6,0,0,0,0,0,0,0,0,113
17.6333333333333,0,0,0,0,0,0,0,0,113
17.6666666666667,0,0,0,0,0,0,0,0,113
17.7,0,0,0,0,0,0,0,0,113
17.7333333333333,0,0,0,0,0,0,0,0,113
17.7666666666667,0,0,0,0,0,0,0,0,113
17.8,0,0,0,0,0,0,0,0,113
17.8333333333333,0,0,0,0,0,0,0,0,113
17.8666666666667,0,0,0,0,0,0,0,0,113
17.9,0,0,0,0,0,0,0,0,113
17.9333333333333,0,0,0,0,0,0,0,0,113
17.9666666666667,0,0,0,0,0,0,0,0,113
18,0,0,0,0,0,0,0,0,113
18.0333333333333,0,0,0,0,0,0,0,0,113
18.0666666666667,0,0,0,0,0,0,0,0,113
18.1,0,0,0,0,0,0,0,0,113
18.1333333333333,0,0,0,0,0,0,0,0,113
18.1666666666667,0,0,0,0,0,0,0,0,113
18.2,0,0,0,0,0,0,0,0,113
18.2333333333333,0,0,0,0,0,0,0,0,113
18.2666666666667,0,0,0,0,0,0,0,0,113
18.3,0,0,0,0,0,0,0,0,113
18.3333333333333,0,0,0,0,0,0,0,0,113
18.3666666666667,0,0,0,0,0,0,0,0,113
18.4,0,0,0,0,0,0,0,0,113
18.4333333333333,0,0,0,0,0,0,0,0,113
18.4666666666667,0,0,0,0,0,0,0,0,113
18.5,0,0,0,0,0,0,0,0,113
18.5333333333333,0,0,0,0,0,0,0,0,113
18.5666666666667,0,0,0,0,0,0,0,0,113
18.6,0,0,0,0,0,0,0,0,113
18.6333333333333,0,0,0,0,0,0,0,0,113
18.6666666666667,0,0,0,0,0,0,0,0,113
18.7,0,0,0,0,0,0,0,0,113
18.7333333333333,0,0,0,0,0,0,0,0,113
18.7666666666667,0,0,0,0,0,0,0,0,113
18.8,0,0,0,0,0,0,0,0,113
18.8333333333333,0,0,0,0,0,0,0,0,113
18.8666666666667,0,0,0,0,0,0,0,0,113
18.9,0,0,0,0,0,0,0,0,113
18.9333333333333,0,0,0,0,0,0,0,0,113
18.9666666666667,0,0,0,0,0,0,0,0,113
19,0,0,0,0,0,0,0,0,113
19.0333333333333,0,0,0,0,0,0,0,0,113
19.0666666666667,0,0,0,0,0,0,0,0,113
19.1,0,0,0,0,0,0,0,0,113
19.1333333333333,0,0,0,0,0,0,0,0,113
19.1666666666667,0,0,0,0,0,0,0,0,113
19.2,0,0,0,0,0,0,0,0,113
19.2333333333333,0,0,0,0,0,0,0,0,113
19.2666666666667,0,0,0,0,0,0,0,0,113
19.3,0,0,0,0,0,0,0,0,113
19.3333333333333,0,0,0,0,0,0,0,0,113
19.3666666666667,0,0,0,0,0,0,0,0,113
19.4,0,0,0,0,0,0,0,0,113
19.4333333333333,0,0,0,0,0,0,0,0,113
19.4666666666667,0,0,0,0,0,0,0,0,113
19.5,0,0,0,0,0,0,0,0,113
19.5333333333333,0,0,0,0,0,0,0,0,113
19.5666666666667,0,0,0,0,0,0,0,0,113
19.6,0,0,0,0,0,0,0,0,113
19.6333333333333,0,0,0,0,0,0,0,0,113
19.6666666666667,0,0,0,0,0,0,0,0,113
19.7,0,0,0,0,0,0,0,0,113
19.7333333333333,0,0,0,0,0,0,0,0,113
19.7666666666667,0,0,0,0,0,0,0,0,113
19.8,0,0,0,0,0,0,0,0,113
19.8333333333333,0,0,0,0,0,0,0,0,113
19.8666666666667,0,0,0,0,0,0,0,0,113
19.9,0,0,0,0,0,0,0,0,113
19.9333333333333,0,0,0,0,0,0,0,0,113
19.9666666666667,0,0,0,0,0,0,0,0,113
20,0,0,0,0,0,0,0,0,113
20.0333333333333,0,0,0,0,0,0,0,0,113
20.0666666666667,0,0,0,0,0,0,0,0,113
20.1,0,0,0,0,0,0,0,0,113
20.1333333333333,0,0,0,0,0,0,0,0,113
20.1666666666667,0,0,0,0,0,0,0,0,113
20.2,0,0,0,0,0,0,0,0,113
20.2333333333333,0,0,0,0,0,0,0,0,113
20.2666666666667,0,0,0,0,0,0,0,0,113
20.3,0,0,0,0,0,0,0,0,113
20.3333333333333,0,0,0,0,0,0,0,0,113
20.3666666666667,0,0,0,0,0,0,0,0,113
20.4,0,0,0,0,0,0,0,0,113
20.4333333333333,0,0,0,0,0,0,0,0,113
20.4666666666667,0,0,0,0,0,0,0,0,113
20.5,0,0,0,0,0,0,0,0,113
20.5333333333333,0,0,0,0,0,0,0,0,113
20.5666666666667,0,0,0,0,0,0,0,0,113
20.6,0,0,0,0,0,0,0,0,113
20.6333333333333,0,0,0,0,0,0,0,0,113
20.6666666666667,0,0,0,0,0,0,0,0,113
20.7,0,0,0,0,0,0,0,0,113
20.7333333333333,0,0,0,0,0,0,0,0,113
20.7666666666667,0,0,0,0,0,0,0,0,113
20.8,0,0,0,0,0,0,0,0,113
20.8333333333333,0,0,0,0,0,0,0,0,113
20.8666666666667,0,0,0,0,0,0,0,0,113
20.9,0,0,0,0,0,0,0,0,113
20.9333333333333,0,0,0,0,0,0,0,0,113
20.9666666666667,0,0,0,0,0,0,0,0,113
21,0,0,0,0,0,0,0,0,113
21.0333333333333,0,0,0,0,0,0,0,0,113
21.0666666666667,0,0,0,0,0,0,0,0,113
21.1,0,0,0,0,0,0,0,0,113
21.1333333333333,0,0,0,0,0,0,0,0,113
21.1666666666667,0,0,0,0,0,0,0,0,113
21.2,0,0,0,0,0,0,0,0,113
21.2333333333333,0,0,0,0,0,0,0,0,113
21.2666666666667,0,0,0,0,0,0,0,0,113
21.3,0,0,0,0,0,0,0,0,113
21.3333333333333,0,0,0,0,0,0,0,0,113
21.3666666666667,0,0,0,0,0,0,0,0,113
21.4,0,0,0,0,0,0,0,0,113
21.4333333333333,0,0,0,0,0,0,0,0,113
21.4666666666667,0,0,0,0,0,0,0,0,113
21.5,0,0,0,0,0,0,0,0,113
21.5333333333333,0,0,0,0,0,0,0,0,113
21.5666666666667,0,0,0,0,0,0,0,0,113
21.6,0,0,0,0,0,0,0,0,113
21.6333333333333,0,0,0,0,0,0,0,0,113
21.6666666666667,0,0,0,0,0,0,0,0,113
21.7,0,0,0,0,0,0,0,0,113
21.7333333333333,0,0,0,0,0,0,0,0,113
21.7666666666667,0,0,0,0,0,0,0,0,113
21.8,0,0,0,0,0,0,0,0,113
21.8333333333333,0,0,0,0,0,0,0,0,113
21.8666666666667,0,0,0,0,0,0,0,0,113
21.9,0,0,0,0,0,0,0,0,113
21.9333333333333,0,0,0,0,0,0,0,0,113
21.9666666666667,0,0,0,0,0,0,0,0,113
22,0,0,0,0,0,0,0,0,113
22.0333333333333,0,0,0,0,0,0,0,0,113
22.0666666666667,0,0,0,0,0,0,0,0,113
22.1,0,0,0,0,0,0,0,0,113
22.1333333333333,0,0,0,0,0,0,0,0,113
22.1666666666667,0,0,0,0,0,0,0,0,113
22.2,0,0,0,0,0,0,0,0,113
22.2333333333333,0,0,0,0,0,0,0,0,113
22.2666666666667,0,0,0,0,0,0,0,0,113
22.3,0,0,0,0,0,0,0,0,113
22.3333333333333,0,0,0,0,0,0,0,0,113
22.3666666666667,0,0,0,0,0,0,0,0,113
22.4,0,0,0,0,0,0,0,0,113
22.4333333333333,0,0,0,0,0,0,0,0,113
22.4666666666667,0,0,0,0,0,0,0,0,113
22.5,0,0,0,0,0,0,0,0,113
22.5333333333333,0,0,0,0,0,0,0,0,113
22.5666666666667,0,0,0,0,0,0,0,0,113
22.6,0,0,0,0,0,0,0,0,113
22.6333333333333,0,0,0,0,0,0,0,0,113
22.6666666666667,0,0,0,0,0,0,0,0,113
22.7,0,0,0,0,0,0,0,0,113
22.7333333333333,0,0,0,0,0,0,0,0,113
22.7666666666667,0,0,0,0,0,0,0,0,113
22.8,0,0,0,0,0,0,0,0,113
22.8333333333333,0,0,0,0,0,0,0,0,113
22.8666666666667,0,0,0,0,0,0,0,0,113
22.9,0,0,0,0,0,0,0,0,113
22.9333333333333,0,0,0,0,0,0,0,0,113
22.9666666666667,0,0,0,0,0,0,0,0,113
23,0,0,0,0,0,0,0,0,113
23.0333333333333,0,0,0,0,0,0,0,0,113
23.0666666666667,0,0,0,0,0,0,0,0,113
23.1,0,0,0,0,0,0,0,0,113
23.1333333333333,0,0,0,0,0,0,0,0,113
23.1666666666667,0,0,0,0,0,0,0,0,113
23.2,0,0,0,0,0,0,0,0,113
23.2333333333333,0,0,0,0,0,0,0,0,113
23.2666666666667,0,0,0,0,0,0,0,0,113
23.3,0,0,0,0,0,0,0,0,113
23.3333333333333,0,0,0,0,0,0,0,0,113
23.3666666666667,0,0,0,0,0,0,0,0,113
23.4,0,0,0,0,0,0,0,0,113
23.4333333333333,0,0,0,0,0,0,0,0,113
23.4666666666667,0,0,0,0,0,0,0,0,113
23.5,0,0,0,0,0,0,0,0,113
23.5333333333333,0,0,0,0,0,0,0,0,113
23.5666666666667,0,0,0,0,0,0,0,0,113
23.6,0,0,0,0,0,0,0,0,113
23.6333333333333,0,0,0,0,0,0,0,0,113
23.6666666666667,0,0,0,0,0,0,0,0,113
23.7,0,0,0,0,0,0,0,0,113
23.7333333333333,0,0,0,0,0,0,0,0,113
23.7666666666667,0,0,0,0,0,0,0,0,113
23.8,0,0,0,0,0,0,0,0,113
23.8333333333333,0,0,0,0,0,0,0,0,113
23.8666666666667,0,0,0,0,0,0,0,0,113
23.9,0,0,0,0,0,0,0,0,113
23.9333333333333,0,0,0,0,0,0,0,0,113
23.9666666666667,0,0,0,0,0,0,0,0,113
24,0,0,0,0,0,0,0,0,113
24.0333333333333,0,0,0,0,0,0,0,0,113
24.0666666666667,0,0,0,0,0,0,0,0,113
24.1,0,0,0,0,0,0,0,0,113
24.1333333333333,0,0,0,0,0,0,0,0,113
24.1666666666667,0,0,0,0,0,0,0,0,113
24.2,0,0,0,0,0,0,0,0,113
24.2333333333333,0,0,0,0,0,0,0,0,113
24.2666666666667,0,0,0,0,0,0,0,0,113
24.3,0,0,0,0,0,0,0,0,113
24.3333333333333,0,0,0,0,0,0,0,0,113
24.3666666666667,0,0,0,0,0,0,0,0,113
24.4,0,0,0,0,0,0,0,0,113
24.4333333333333,0,0,0,0,0,0,0,0,113
24.4666666666667,0,0,0,0,0,0,0,0,113
24.5,0,0,0,0,0,0,0,0,113
24.5333333333333,0,0,0,0,0,0,0,0,113
24.5666666666667,0,0,0,0,0,0,0,0,113
24.6,0,0,0,0,0,0,0,0,113
24.6333333333333,0,0,0,0,0,0,0,0,113
24.6666666666667,0,0,0,0,0,0,0,0,113
24.7,0,0,0,0,0,0,0,0,113
24.7333333333333,0,0,0,0,0,0,0,0,113
24.7666666666667,0,0,0,0,0,0,0,0,113
24.8,0,0,0,0,0,0,0,0,113
24.8333333333333,0,0,0,0,0,0,0,0,113
24.8666666666667,0,0,0,0,0,0,0,0,113
24.9,0,0,0,0,0,0,0,0,113
24.9333333333333,0,0,0,0,0,0,0,0,113
24.9666666666667,0,0,0,0,0,0,0,0,113
25,0,0,0,0,0,0,0,0,55
25.0333333333333,0,0,0,0,0,0,0,0,55
25.0666666666667,0,0,0,0,0,0,0,0,55
25.1,0,0,0,0,0,0,0,0,55
25.1333333333333,0,0,0,0,0,0,0,0,55
25.1666666666667,0,0,0,0,0,0,0,0,55
25.2,0,0,0,0,0,0,0,0,55
25.2333333333333,0,0,0,0,0,0,0,0,55
25.2666666666667,0,0,0,0,0,0,0,0,55
25.3,0,0,0,0,0,0,0,0,55
25.3333333333333,0,0,0,0,0,0,0,0,55
25.3666666666667,0,0,0,0,0,0,0,0,55
25.4,0,0,0,0,0,0,0,0,55
25.4333333333333,0,0,0,0,0,0,0,0,55
25.4666666666667,0,0,0,0,0,0,0,0,55
25.5,0,0,0,0,0,0,0,0,55
25.5333333333333,0,0,0,0,0,0,0,0,55
25.5666666666667,0,0,0,0,0,0,0,0,55
25.6,0,0,0,0,0,0,0,0,55
25.6333333333333,0,0,0,0,0,0,0,0,55
25.6666666666667,0,0,0,0,0,0,0,0,55
25.7,0,0,0,0,0,0,0,0,55
25.7333333333333,0,0,0,0,0,0,0,0,55
25.7666666666667,0,0,0,0,0,0,0,0,55
25.8,0,0,0,0,0,0,0,0,55
25.8333333333333,0,0,0,0,0,0,0,0,55
25.8666666666667,0,0,0,0,0,0,0,0,55
25.9,0,0,0,0,0,0,0,0,55
25.9333333333333,0,0,0,0,0,0,0,0,55
25.9666666666667,0,0,0,0,0,0,0,0,55
26,0,0,0,0,0,0,0,0,55
26.0333333333333,0,0,0,0,0,0,0,0,55
26.0666666666667,0,0,0,0,0,0,0,0,55
26.1,0,0,0,0,0,0,0,0,55
26.1333333333333,0,0,0,0,0,0,0,0,55
26.1666666666667,0,0,0,0,0,0,0,0,55
26.2,0,0,0,0,0,0,0,0,55
26.2333333333333,0,0,0,0,0,0,0,0,55
26.2666666666667,0,0,0,0,0,0,0,0,55
26.3,0,0,0,0,0,0,0,0,55
26.3333333333333,0,0,0,0,0,0,0,0,55
26.3666666666667,0,0,0,0,0,0,0,0,55
26.4,0,0,0,0,0,0,0,0,55
26.4333333333333,0,0,0,0,0,0,0,0,55
26.4666666666667,0,0,0,0,0,0,0,0,55
26.5,0,0,0,0,0,0,0,0,55
26.5333333333333,0,0,0,0,0,0,0,0,55
26.5666666666667,0,0,0,0,0,0,0,0,55
26.6,0,0,0,0,0,0,0,0,55
26.6333333333333,0,0,0,0,0,0,0,0,55
26.6666666666667,0,0,0,0,0,0,0,0,55
26.7,0,0,0,0,0,0,0,0,55
26.7333333333333,0,0,0,0,0,0,0,0,55
26.7666666666667,0,0,0,0,0,0,0,0,55
26.8,0,0,0,0,0,0,0,0,55
26.8333333333333,0,0,0,0,0,0,0,0,55
26.8666666666667,0,0,0,0,0,0,0,0,55
26.9,0,0,0,0,0,0,0,0,55
26.9333333333333,0,0,0,0,0,0,0,0,55
26.9666666666667,0,0,0,0,0,0,0,0,55
27,0,0,0,0,0,0,0,0,113
27.0333333333333,0,0,0,0,0,0,0,0,113
27.0666666666667,0,0,0,0,0,0,0,0,113
27.1,0,0,0,0,0,0,0,0,113
27.1333333333333,0,0,0,0,0,0,0,0,113
27.1666666666667,0,0,0,0,0,0,0,0,113
27.2,0,0,0,0,0,0,0,0,113
27.2333333333333,0,0,0,0,0,0,0,0,113
27.2666666666667,0,0,0,0,0,0,0,0,113
27.3,0,0,0,0,0,0,0,0,113
27.3333333333333,0,0,0,0,0,0,0,0,113
27.3666666666667,0,0,0,0,0,0,0,0,113
27.4,0,0,0,0,0,0,0,0,113
27.4333333333333,0,0,0,0,0,0,0,0,113
27.4666666666667,0,0,0,0,0,0,0,0,113
27.5,0,0,0,0,0,0,0,0,113
27.5333333333333,0,0,0,0,0,0,0,0,113
27.5666666666667,0,0,0,0,0,0,0,0,113
27.6,0,0,0,0,0,0,0,0,113
27.6333333333333,0,0,0,0,0,0,0,0,113
27.6666666666667,0,0,0,0,0,0,0,0,113
27.7,0,0,0,0,0,0,0,0,113
27.7333333333333,0,0,0,0,0,0,0,0,113
27.7666666666667,0,0,0,0,0,0,0,0,113
27.8,0,0,0,0,0,0,0,0,113
27.8333333333333,0,0,0,0,0,0,0,0,113
27.8666666666667,0,0,0,0,0,0,0,0,113
27.9,0,0,0,0,0,0,0,0,113
27.9333333333333,0,0,0,0,0,0,0,0,113
27.9666666666667,0,0,0,0,0,0,0,0,113
28,0,0,0,0,0,0,0,0,113
28.0333333333333,0,0,0,0,0,0,0,0,113
28.0666666666667,0,0,0,0,0,0,0,0,113
28.1,0,0,0,0,0,0,0,0,113
28.1333333333333,0,0,0,0,0,0,0,0,113
28.1666666666667,0,0,0,0,0,0,0,0,113
28.2,0,0,0,0,0,0,0,0,113
28.2333333333333,0,0,0,0,0,0,0,0,113
28.2666666666667,0,0,0,0,0,0,0,0,113
28.3,0,0,0,0,0,0,0,0,113
28.3333333333333,0,0,0,0,0,0,0,0,113
28.3666666666667,0,0,0,0,0,0,0,0,113
28.4,0,0,0,0,0,0,0,0,113
28.4333333333333,0,0,0,0,0,0,0,0,113
28.4666666666667,0,0,0,0,0,0,0,0,113
28.5,0,0,0,0,0,0,0,0,113
28.5333333333333,0,0,0,0,0,0,0,0,113
28.5666666666667,0,0,0,0,0,0,0,0,113
28.6,0,0,0,0,0,0,0,0,113
28.6333333333333,0,0,0,0,0,0,0,0,113
28.6666666666667,0,0,0,0,0,0,0,0,113
28.7,0,0,0,0,0,0,0,0,113
28.7333333333333,0,0,0,0,0,0,0,0,113
28.7666666666667,0,0,0,0,0,0,0,0,113
28.8,0,0,0,0,0,0,0,0,113
28.8333333333333,0,0,0,0,0,0,0,0,113
28.8666666666667,0,0,0,0,0,0,0,0,113
28.9,0,0,0,0,0,0,0,0,113
28.9333333333333,0,0,0,0,0,0,0,0,113
28.9666666666667,0,0,0,0,0,0,0,0,113
29,0,0,0,0,0,0,0,0,113
29.0333333333333,0,0,0,0,0,0,0,0,113
29.0666666666667,0,0,0,0,0,0,0,0,113
29.1,0,0,0,0,0,0,0,0,113
29.1333333333333,0,0,0,0,0,0,0,0,113
29.1666666666667,0,0,0,0,0,0,0,0,113
29.2,0,0,0,0,0,0,0,0,113
29.2333333333333,0,0,0,0,0,0,0,0,113
29.2666666666667,0,0,0,0,0,0,0,0,113
29.3,0,0,0,0,0,0,0,0,113
29.3333333333333,0,0,0,0,0,0,0,0,113
29.3666666666667,0,0,0,0,0,0,0,0,113
29.4,0,0,0,0,0,0,0,0,113
29.4333333333333,0,0,0,0,0,0,0,0,113
29.4666666666667,0,0,0,0,0,0,0,0,113
29.5,0,0,0,0,0,0,0,0,113
29.5333333333333,0,0,0,0,0,0,0,0,113
29.5666666666667,0,0,0,0,0,0,0,0,113
29.6,0,0,0,0,0,0,0,0,113
29.6333333333333,0,0,0,0,0,0,0,0,113
29.6666666666667,0,0,0,0,0,0,0,0,113
29.7,0,0,0,0,0,0,0,0,113
29.7333333333333,0,0,0,0,0,0,0,0,113
29.7666666666667,0,0,0,0,0,0,0,0,113
29.8,0,0,0,0,0,0,0,0,113
29.8333333333333,0,0,0,0,0,0,0,0,113
29.8666666666667,0,0,0,0,0,0,0,0,113
29.9,0,0,0,0,0,0,0,0,113
29.9333333333333,0,0,0,0,0,0,0,0,113
29.9666666666667,0,0,0,0,0,0,0,0,113
30,0,0,0,0,0,0,0,0,113
30.0333333333333,0,0,0,0,0,0,0,0,113
30.0666666666667,0,0,0,0,0,0,0,0,113
30.1,0,0,0,0,0,0,0,0,113
30.1333333333333,0,0,0,0,0,0,0,0,113
30.1666666666667,0,0,0,0,0,0,0,0,113
30.2,0,0,0,0,0,0,0,0,113
30.2333333333333,0,0,0,0,0,0,0,0,113
30.2666666666667,0,0,0,0,0,0,0,0,113
30.3,0,0,0,0,0,0,0,0,113
30.3333333333333,0,0,0,0,0,0,0,0,113
30.3666666666667,0,0,0,0,0,0,0,0,113
30.4,0,0,0,0,0,0,0,0,113
30.4333333333333,0,0,0,0,0,0,0,0,113
30.4666666666667,0,0,0,0,0,0,0,0,113
30.5,0,0,0,0,0,0,0,0,113
30.5333333333333,0,0,0,0,0,0,0,0,113
30.5666666666667,0,0,0,0,0,0,0,0,113
30.6,0,0,0,0,0,0,0,0,113
30.6333333333333,0,0,0,0,0,0,0,0,113
30.6666666666667,0,0,0,0,0,0,0,0,113
30.7,0,0,0,0,0,0,0,0,113
30.7333333333333,0,0,0,0,0,0,0,0,113
30.7666666666667,0,0,0,0,0,0,0,0,113
30.8,0,0,0,0,0,0,0,0,113
30.8333333333333,0,0,0,0,0,0,0,0,113
30.8666666666667,0,0,0,0,0,0,0,0,113
30.9,0,0,0,0,0,0,0,0,113
30.9333333333333,0,0,0,0,0,0,0,0,113
30.9666666666667,0,0,0,0,0,0,0,0,113
31,0,0,0,0,0,0,0,0,113
31.0333333333333,0,0,0,0,0,0,0,0,113
31.0666666666667,0,0,0,0,0,0,0,0,113
31.1,0,0,0,0,0,0,0,0,113
31.1333333333333,0,0,0,0,0,0,0,0,113
31.1666666666667,0,0,0,0,0,0,0,0,113
31.2,0,0,0,0,0,0,0,0,113
31.2333333333333,0,0,0,0,0,0,0,0,113
31.2666666666667,0,0,0,0,0,0,0,0,113
31.3,0,0,0,0,0,0,0,0,113
31.3333333333333,0,0,0,0,0,0,0,0,113
31.3666666666667,0,0,0,0,0,0,0,0,113
31.4,0,0,0,0,0,0,0,0,113
31.4333333333333,0,0,0,0,0,0,0,0,113
31.4666666666667,0,0,0,0,0,0,0,0,113
31.5,0,0,0,0,0,0,0,0,113
31.5333333333333,0,0,0,0,0,0,0,0,113
31.5666666666667,0,0,0,0,0,0,0,0,113
31.6,0,0,0,0,0,0,0,0,113
31.6333333333333,0,0,0,0,0,0,0,0,113
31.6666666666667,0,0,0,0,0,0,0,0,113
31.7,0,0,0,0,0,0,0,0,113
31.7333333333333,0,0,0,0,0,0,0,0,113
31.7666666666667,0,0,0,0,0,0,0,0,113
31.8,0,0,0,0,0,0,0,0,113
31.8333333333333,0,0,0,0,0,0,0,0,113
31.8666666666667,0,0,0,0,0,0,0,0,113
31.9,0,0,0,0,0,0,0,0,113
31.9333333333333,0,0,0,0,0,0,0,0,113
31.9666666666667,0,0,0,0,0,0,0,0,113
32,0,0,0,0,0,0,0,0,113
32.0333333333333,0,0,0,0,0,0,0,0,113
32.0666666666667,0,0,0,0,0,0,0,0,113
32.1,0,0,0,0,0,0,0,0,113
32.1333333333333,0,0,0,0,0,0,0,0,113
32.1666666666667,0,0,0,0,0,0,0,0,113
32.2,0,0,0,0,0,0,0,0,113
32.2333333333333,0,0,0,0,0,0,0,0,113
32.2666666666667,0,0,0,0,0,0,0,0,113
32.3,0,0,0,0,0,0,0,0,113
32.3333333333333,0,0,0,0,0,0,0,0,113
32.3666666666667,0,0,0,0,0,0,0,0,113
32.4,0,0,0,0,0,0,0,0,113
32.4333333333333,0,0,0,0,0,0,0,0,113
32.4666666666667,0,0,0,0,0,0,0,0,113
32.5,0,0,0,0,0,0,0,0,113
32.5333333333333,0,0,0,0,0,0,0,0,113
32.5666666666667,0,0,0,0,0,0,0,0,113
32.6,0,0,0,0,0,0,0,0,113
32.6333333333333,0,0,0,0,0,0,0,0,113
32.6666666666667,0,0,0,0,0,0,0,0,113
32.7,0,0,0,0,0,0,0,0,113
32.7333333333333,0,0,0,0,0,0,0,0,113
32.7666666666667,0,0,0,0,0,0,0,0,113
32.8,0,0,0,0,0,0,0,0,113
32.8333333333333,0,0,0,0,0,0,0,0,113
32.8666666666667,0,0,0,0,0,0,0,0,113
32.9,0,0,0,0,0,0,0,0,113
32.9333333333333,0,0,0,0,0,0,0,0,113
32.9666666666667,0,0,0,0,0,0,0,0,113
33,0,0,0,0,0,0,0,0,113
33.0333333333333,0,0,0,0,0,0,0,0,113
33.0666666666667,0,0,0,0,0,0,0,0,113
33.1,0,0,0,0,0,0,0,0,113
33.1333333333333,0,0,0,0,0,0,0,0,113
33.1666666666667,0,0,0,0,0,0,0,0,113
33.2,0,0,0,0,0,0,0,0,113
33.2333333333333,0,0,0,0,0,0,0,0,113
33.2666666666667,0,0,0,0,0,0,0,0,113
33.3,0,0,0,0,0,0,0,0,113
33.3333333333333,0,0,0,0,0,0,0,0,113
33.3666666666667,0,0,0,0,0,0,0,0,113
33.4,0,0,0,0,0,0,0,0,113
33.4333333333333,0,0,0,0,0,0,0,0,113
33.4666666666667,0,0,0,0,0,0,0,0,113
33.5,0,0,0,0,0,0,0,0,113
33.5333333333333,0,0,0,0,0,0,0,0,113
33.5666666666667,0,0,0,0,0,0,0,0,113
33.6,0,0,0,0,0,0,0,0,113
33.6333333333333,0,0,0,0,0,0,0,0,113
33.6666666666667,0,0,0,0,0,0,0,0,113
33.7,0,0,0,0,0,0,0,0,113
33.7333333333333,0,0,0,0,0,0,0,0,113
33.7666666666667,0,0,0,0,0,0,0,0,113
33.8,0,0,0,0,0,0,0,0,113
33.8333333333333,0,0,0,0,0,0,0,0,113
33.8666666666667,0,0,0,0,0,0,0,0,113
33.9,0,0,0,0,0,0,0,0,113
33.9333333333333,0,0,0,0,0,0,0,0,113
33.9666666666667,0,0,0,0,0,0,0,0,113
34,0,0,0,0,0,0,0,0,113
34.0333333333333,0,0,0,0,0,0,0,0,113
34.0666666666667,0,0,0,0,0,0,0,0,113
34.1,0,0,0,0,0,0,0,0,113
34.1333333333333,0,0,0,0,0,0,0,0,113
34.1666666666667,0,0,0,0,0,0,0,0,113
34.2,0,0,0,0,0,0,0,0,113
34.2333333333333,0,0,0,0,0,0,0,0,113
34.2666666666667,0,0,0,0,0,0,0,0,113
34.3,0,0,0,0,0,0,0,0,113
34.3333333333333,0,0,0,0,0,0,0,0,113
34.3666666666667,0,0,0,0,0,0,0,0,113
34.4,0,0,0,0,0,0,0,0,113
34.4333333333333,0,0,0,0,0,0,0,0,113
34.4666666666667,0,0,0,0,0,0,0,0,113
34.5,0,0,0,0,0,0,0,0,113
34.5333333333333,0,0,0,0,0,0,0,0,113
34.5666666666667,0,0,0,0,0,0,0,0,113
34.6,0,0,0,0,0,0,0,0,113
34.6333333333333,0,0,0,0,0,0,0,0,113
34.6666666666667,0,0,0,0,0,0,0,0,113
34.7,0,0,0,0,0,0,0,0,113
34.7333333333333,0,0,0,0,0,0,0,0,113
34.7666666666667,0,0,0,0,0,0,0,0,113
34.8,0,0,0,0,0,0,0,0,113
34.8333333333333,0,0,0,0,0,0,0,0,113
34.8666666666667,0,0,0,0,0,0,0,0,113
34.9,0,0,0,0,0,0,0,0,113
34.9333333333333,0,0,0,0,0,0,0,0,113
34.9666666666667,0,0,0,0,0,0,0,0,113
35,0,0,0,0,0,0,0,0,113
35.0333333333333,0,0,0,0,0,0,0,0,113
35.0666666666667,0,0,0,0,0,0,0,0,113
35.1,0,0,0,0,0,0,0,0,113
35.1333333333333,0,0,0,0,0,0,0,0,113
35.1666666666667,0,0,0,0,0,0,0,0,113
35.2,0,0,0,0,0,0,0,0,113
35.2333333333333,0,0,0,0,0,0,0,0,113
35.2666666666667,0,0,0,0,0,0,0,0,113
35.3,0,0,0,0,0,0,0,0,113
35.3333333333333,0,0,0,0,0,0,0,0,113
35.3666666666667,0,0,0,0,0,0,0,0,113
35.4,0,0,0,0,0,0,0,0,113
35.4333333333333,0,0,0,0,0,0,0,0,113
35.4666666666667,0,0,0,0,0,0,0,0,113
35.5,0,0,0,0,0,0,0,0,113
35.5333333333333,0,0,0,0,0,0,0,0,113
35.5666666666667,0,0,0,0,0,0,0,0,113
35.6,0,0,0,0,0,0,0,0,113
35.6333333333333,0,0,0,0,0,0,0,0,113
35.6666666666667,0,0,0,0,0,0,0,0,113
35.7,0,0,0,0,0,0,0,0,113
35.7333333333333,0,0,0,0,0,0,0,0,113
35.7666666666667,0,0,0,0,0,0,0,0,113
35.8,0,0,0,0,0,0,0,0,113
35.8333333333333,0,0,0,0,0,0,0,0,113
35.8666666666667,0,0,0,0,0,0,0,0,113
35.9,0,0,0,0,0,0,0,0,113
35.9333333333333,0,0,0,0,0,0,0,0,113
35.9666666666667,0,0,0,0,0,0,0,0,113
36,0,0,0,0,0,0,0,0,113
36.0333333333333,0,0,0,0,0,0,0,0,113
36.0666666666667,0,0,0,0,0,0,0,0,113
36.1,0,0,0,0,0,0,0,0,113
36.1333333333333,0,0,0,0,0,0,0,0,113
36.1666666666667,0,0,0,0,0,0,0,0,113
36.2,0,0,0,0,0,0,0,0,113
36.2333333333333,0,0,0,0,0,0,0,0,113
36.2666666666667,0,0,0,0,0,0,0,0,113
36.3,0,0,0,0,0,0,0,0,113
36.3333333333333,0,0,0,0,0,0,0,0,113
36.3666666666667,0,0,0,0,0,0,0,0,113
36.4,0,0,0,0,0,0,0,0,113
36.4333333333333,0,0,0,0,0,0,0,0,113
36.4666666666667,0,0,0,0,0,0,0,0,113
36.5,0,0,0,0,0,0,0,0,113
36.5333333333333,0,0,0,0,0,0,0,0,113
36.5666666666667,0,0,0,0,0,0,0,0,113
36.6,0,0,0,0,0,0,0,0,113
36.6333333333333,0,0,0,0,0,0,0,0,113
36.6666666666667,0,0,0,0,0,0,0,0,113
36.7,0,0,0,0,0,0,0,0,113
36.7333333333333,0,0,0,0,0,0,0,0,113
36.7666666666667,0,0,0,0,0,0,0,0,113
36.8,0,0,0,0,0,0,0,0,113
36.8333333333333,0,0,0,0,0,0,0,0,113
36.8666666666667,0,0,0,0,0,0,0,0,113
36.9,0,0,0,0,0,0,0,0,113
36.9333333333333,0,0,0,0,0,0,0,0,113
36.9666666666667,0,0,0,0,0,0,0,0,113
37,0,0,0,0,0,0,0,0,113
37.0333333333333,0,0,0,0,0,0,0,0,113
37.0666666666667,0,0,0,0,0,0,0,0,113
37.1,0,0,0,0,0,0,0,0,113
37.1333333333333,0,0,0,0,0,0,0,0,113
37.1666666666667,0,0,0,0,0,0,0,0,113
37.2,0,0,0,0,0,0,0,0,113
37.2333333333333,0,0,0,0,0,0,0,0,113
37.2666666666667,0,0,0,0,0,0,0,0,113
37.3,0,0,0,0,0,0,0,0,113
37.3333333333333,0,0,0,0,0,0,0,0,113
37.3666666666667,0,0,0,0,0,0,0,0,113
37.4,0,0,0,0,0,0,0,0,113
37.4333333333333,0,0,0,0,0,0,0,0,113
37.4666666666667,0,0,0,0,0,0,0,0,113
37.5,0,0,0,0,0,0,0,0,113
37.5333333333333,0,0,0,0,0,0,0,0,113
37.5666666666667,0,0,0,0,0,0,0,0,113
37.6,0,0,0,0,0,0,0,0,113
37.6333333333333,0,0,0,0,0,0,0,0,113
37.6666666666667,0,0,0,0,0,0,0,0,113
37.7,0,0,0,0,0,0,0,0,113
37.7333333333333,0,0,0,0,0,0,0,0,113
37.7666666666667,0,0,0,0,0,0,0,0,113
37.8,0,0,0,0,0,0,0,0,113
37.8333333333333,0,0,0,0,0,0,0,0,113
37.8666666666667,0,0,0,0,0,0,0,0,113
37.9,0,0,0,0,0,0,0,0,113
37.9333333333333,0,0,0,0,0,0,0,0,113
37.9666666666667,0,0,0,0,0,0,0,0,113
38,0,0,0,0,0,0,0,0,113
38.0333333333333,0,0,0,0,0,0,0,0,113
38.0666666666667,0,0,0,0,0,0,0,0,113
38.1,0,0,0,0,0,0,0,0,113
38.1333333333333,0,0,0,0,0,0,0,0,113
38.1666666666667,0,0,0,0,0,0,0,0,113
38.2,0,0,0,0,0,0,0,0,113
38.2333333333333,0,0,0,0,0,0,0,0,113
38.2666666666667,0,0,0,0,0,0,0,0,113
38.3,0,0,0,0,0,0,0,0,113
38.3333333333333,0,0,0,0,0,0,0,0,113
38.3666666666667,0,0,0,0,0,0,0,0,113
38.4,0,0,0,0,0,0,0,0,113
38.4333333333333,0,0,0,0,0,0,0,0,113
38.4666666666667,0,0,0,0,0,0,0,0,113
38.5,0,0,0,0,0,0,0,0,113
38.5333333333333,0,0,0,0,0,0,0,0,113
38.5666666666667,0,0,0,0,0,0,0,0,113
38.6,0,0,0,0,0,0,0,0,113
38.6333333333333,0,0,0,0,0,0,0,0,113
38.6666666666667,0,0,0,0,0,0,0,0,113
38.7,0,0,0,0,0,0,0,0,113
38.7333333333333,0,0,0,0,0,0,0,0,113
38.7666666666667,0,0,0,0,0,0,0,0,113
38.8,0,0,0,0,0,0,0,0,113
38.8333333333333,0,0,0,0,0,0,0,0,113
38.8666666666667,0,0,0,0,0,0,0,0,113
38.9,0,0,0,0,0,0,0,0,113
38.9333333333333,0,0,0,0,0,0,0,0,113
38.9666666666667,0,0,0,0,0,0,0,0,113
39,0,0,0,0,0,0,0,0,113
39.0333333333333,0,0,0,0,0,0,0,0,113
39.0666666666667,0,0,0,0,0,0,0,0,113
39.1,0,0,0,0,0,0,0,0,113
39.1333333333333,0,0,0,0,0,0,0,0,113
39.1666666666667,0,0,0,0,0,0,0,0,113
39.2,0,0,0,0,0,0,0,0,113
39.2333333333333,0,0,0,0,0,0,0,0,113
39.2666666666667,0,0,0,0,0,0,0,0,113
39.3,0,0,0,0,0,0,0,0,113
39.3333333333333,0,0,0,0,0,0,0,0,113
39.3666666666667,0,0,0,0,0,0,0,0,113
39.4,0,0,0,0,0,0,0,0,113
39.4333333333333,0,0,0,0,0,0,0,0,113
39.4666666666667,0,0,0,0,0,0,0,0,113
39.5,0,0,0,0,0,0,0,0,113
39.5333333333333,0,0,0,0,0,0,0,0,113
39.5666666666667,0,0,0,0,0,0,0,0,113
39.6,0,0,0,0,0,0,0,0,113
39.6333333333333,0,0,0,0,0,0,0,0,113
39.6666666666667,0,0,0,0,0,0,0,0,113
39.7,0,0,0,0,0,0,0,0,113
39.7333333333333,0,0,0,0,0,0,0,0,113
39.7666666666667,0,0,0,0,0,0,0,0,113
39.8,0,0,0,0,0,0,0,0,113
39.8333333333333,0,0,0,0,0,0,0,0,113
39.8666666666667,0,0,0,0,0,0,0,0,113
39.9,0,0,0,0,0,0,0,0,113
39.9333333333333,0,0,0,0,0,0,0,0,113
39.9666666666667,0,0,0,0,0,0,0,0,113
40,0,0,0,0,0,0,0,0,113
40.0333333333333,0,0,0,0,0,0,0,0,113
40.0666666666667,0,0,0,0,0,0,0,0,113
40.1,0,0,0,0,0,0,0,0,113
40.1333333333333,0,0,0,0,0,0,0,0,113
40.1666666666667,0,0,0,0,0,0,0,0,113
40.2,0,0,0,0,0,0,0,0,113
40.2333333333333,0,0,0,0,0,0,0,0,113
40.2666666666667,0,0,0,0,0,0,0,0,113
40.3,0,0,0,0,0,0,0,0,113
40.3333333333333,0,0,0,0,0,0,0,0,113
40.3666666666667,0,0,0,0,0,0,0,0,113
40.4,0,0,0,0,0,0,0,0,113
40.4333333333333,0,0,0,0,0,0,0,0,113
40.4666666666667,0,0,0,0,0,0,0,0,113
40.5,0,0,0,0,0,0,0,0,113
40.5333333333333,0,0,0,0,0,0,0,0,113
40.5666666666667,0,0,0,0,0,0,0,0,113
40.6,0,0,0,0,0,0,0,0,113
40.6333333333333,0,0,0,0,0,0,0,0,113
40.6666666666667,0,0,0,0,0,0,0,0,113
40.7,0,0,0,0,0,0,0,0,113
40.7333333333333,0,0,0,0,0,0,0,0,113
40.7666666666667,0,0,0,0,0,0,0,0,113
40.8,0,0,0,0,0,0,0,0,113
40.8333333333333,0,0,0,0,0,0,0,0,113
40.8666666666667,0,0,0,0,0,0,0,0,113
40.9,0,0,0,0,0,0,0,0,113
40.9333333333333,0,0,0,0,0,0,0,0,113
40.9666666666667,0,0,0,0,0,0,0,0,113
41,0,0,0,0,0,0,0,0,113
41.0333333333333,0,0,0,0,0,0,0,0,113
41.0666666666667,0,0,0,0,0,0,0,0,113
41.1,0,0,0,0,0,0,0,0,113
41.1333333333333,0,0,0,0,0,0,0,0,113
41.1666666666667,0,0,0,0,0,0,0,0,113
41.2,0,0,0,0,0,0,0,0,113
41.2333333333333,0,0,0,0,0,0,0,0,113
41.2666666666667,0,0,0,0,0,0,0,0,113
41.3,0,0,0,0,0,0,0,0,113
41.3333333333333,0,0,0,0,0,0,0,0,113
41.3666666666667,0,0,0,0,0,0,0,0,113
41.4,0,0,0,0,0,0,0,0,113
41.4333333333333,0,0,0,0,0,0,0,0,113
41.4666666666667,0,0,0,0,0,0,0,0,113
41.5,0,0,0,0,0,0,0,0,113
41.5333333333333,0,0,0,0,0,0,0,0,113
41.5666666666667,0,0,0,0,0,0,0,0,113
41.6,0,0,0,0,0,0,0,0,113
41.6333333333333,0,0,0,0,0,0,0,0,113
41.6666666666667,0,0,0,0,0,0,0,0,113
41.7,0,0,0,0,0,0,0,0,113
41.7333333333333,0,0,0,0,0,0,0,0,113
41.7666666666667,0,0,0,0,0,0,0,0,113
41.8,0,0,0,0,0,0,0,0,113
41.8333333333333,0,0,0,0,0,0,0,0,113
41.8666666666667,0,0,0,0,0,0,0,0,113
41.9,0,0,0,0,0,0,0,0,113
41.9333333333333,0,0,0,0,0,0,0,0,113
41.9666666666667,0,0,0,0,0,0,0,0,113
42,0,0,0,0,0,0,0,0,55
42.0333333333333,0,0,0,0,0,0,0,0,55
42.0666666666667,0,0,0,0,0,0,0,0,55
42.1,0,0,0,0,0,0,0,0,55
42.1333333333333,0,0,0,0,0,0,0,0,55
42.1666666666667,0,0,0,0,0,0,0,0,55
42.2,0,0,0,0,0,0,0,0,55
42.2333333333333,0,0,0,0,0,0,0,0,55
42.2666666666667,0,0,0,0,0,0,0,0,55
42.3,0,0,0,0,0,0,0,0,55
42.3333333333333,0,0,0,0,0,0,0,0,55
42.3666666666667,0,0,0,0,0,0,0,0,55
42.4,0,0,0,0,0,0,0,0,55
42.4333333333333,0,0,0,0,0,0,0,0,55
42.4666666666667,0,0,0,0,0,0,0,0,55
42.5,0,0,0,0,0,0,0,0,55
42.5333333333333,0,0,0,0,0,0,0,0,55
42.5666666666667,0,0,0,0,0,0,0,0,55
42.6,0,0,0,0,0,0,0,0,55
42.6333333333333,0,0,0,0,0,0,0,0,55
42.6666666666667,0,0,0,0,0,0,0,0,55
42.7,0,0,0,0,0,0,0,0,55
42.7333333333333,0,0,0,0,0,0,0,0,55
42.7666666666667,0,0,0,0,0,0,0,0,55
42.8,0,0,0,0,0,0,0,0,55
42.8333333333333,0,0,0,0,0,0,0,0,55
42.8666666666667,0,0,0,0,0,0,0,0,55
42.9,0,0,0,0,0,0,0,0,55
42.9333333333333,0,0,0,0,0,0,0,0,55
42.9666666666667,0,0,0,0,0,0,0,0,55
43,0,0,0,0,0,0,0,0,55
43.0333333333333,0,0,0,0,0,0,0,0,55
43.0666666666667,0,0,0,0,0,0,0,0,55
43.1,0,0,0,0,0,0,0,0,55
43.1333333333333,0,0,0,0,0,0,0,0,55
43.1666666666667,0,0,0,0,0,0,0,0,55
43.2,0,0,0,0,0,0,0,0,55
43.2333333333333,0,0,0,0,0,0,0,0,55
43.2666666666667,0,0,0,0,0,0,0,0,55
43.3,0,0,0,0,0,0,0,0,55
43.3333333333333,0,0,0,0,0,0,0,0,55
43.3666666666667,0,0,0,0,0,0,0,0,55
43.4,0,0,0,0,0,0,0,0,55
43.4333333333333,0,0,0,0,0,0,0,0,55
43.4666666666667,0,0,0,0,0,0,0,0,55
43.5,0,0,0,0,0,0,0,0,55
43.5333333333333,0,0,0,0,0,0,0,0,55
43.5666666666667,0,0,0,0,0,0,0,0,55
43.6,0,0,0,0,0,0,0,0,55
43.6333333333333,0,0,0,0,0,0,0,0,55
43.6666666666667,0,0,0,0,0,0,0,0,55
43.7,0,0,0,0,0,0,0,0,55
43.7333333333333,0,0,0,0,0,0,0,0,55
43.7666666666667,0,0,0,0,0,0,0,0,55
43.8,0,0,0,0,0,0,0,0,55
43.8333333333333,0,0,0,0,0,0,0,0,55
43.8666666666667,0,0,0,0,0,0,0,0,55
43.9,0,0,0,0,0,0,0,0,55
43.9333333333333,0,0,0,0,0,0,0,0,55
43.9666666666667,0,0,0,0,0,0,0,0,55
44,0,0,0,0,0,0,0,0,113
44.0333333333333,0,0,0,0,0,0,0,0,113
44.0666666666667,0,0,0,0,0,0,0,0,113
44.1,0,0,0,0,0,0,0,0,113
44.1333333333333,0,0,0,0,0,0,0,0,113
44.1666666666667,0,0,0,0,0,0,0,0,113
44.2,0,0,0,0,0,0,0,0,113
44.2333333333333,0,0,0,0,0,0,0,0,113
44.2666666666667,0,0,0,0,0,0,0,0,113
44.3,0,0,0,0,0,0,0,0,113
44.3333333333333,0,0,0,0,0,0,0,0,113
44.3666666666667,0,0,0,0,0,0,0,0,113
44.4,0,0,0,0,0,0,0,0,113
44.4333333333333,0,0,0,0,0,0,0,0,113
44.4666666666667,0,0,0,0,0,0,0,0,113
44.5,0,0,0,0,0,0,0,0,113
44.5333333333333,0,0,0,0,0,0,0,0,113
44.5666666666667,0,0,0,0,0,0,0,0,113
44.6,0,0,0,0,0,0,0,0,113
44.6333333333333,0,0,0,0,0,0,0,0,113
44.6666666666667,0,0,0,0,0,0,0,0,113
44.7,0,0,0,0,0,0,0,0,113
44.7333333333333,0,0,0,0,0,0,0,0,113
44.7666666666667,0,0,0,0,0,0,0,0,113
44.8,0,0,0,0,0,0,0,0,113
44.8333333333333,0,0,0,0,0,0,0,0,113
44.8666666666667,0,0,0,0,0,0,0,0,113
44.9,0,0,0,0,0,0,0,0,113
44.9333333333333,0,0,0,0,0,0,0,0,113
44.9666666666667,0,0,0,0,0,0,0,0,113
45,0,0,0,0,0,0,0,0,113
45.0333333333333,0,0,0,0,0,0,0,0,113
45.0666666666667,0,0,0,0,0,0,0,0,113
45.1,0,0,0,0,0,0,0,0,113
45.1333333333333,0,0,0,0,0,0,0,0,113
45.1666666666667,0,0,0,0,0,0,0,0,113
45.2,0,0,0,0,0,0,0,0,113
45.2333333333333,0,0,0,0,0,0,0,0,113
45.2666666666667,0,0,0,0,0,0,0,0,113
45.3,0,0,0,0,0,0,0,0,113
45.3333333333333,0,0,0,0,0,0,0,0,113
45.3666666666667,0,0,0,0,0,0,0,0,113
45.4,0,0,0,0,0,0,0,0,113
45.4333333333333,0,0,0,0,0,0,0,0,113
45.4666666666667,0,0,0,0,0,0,0,0,113
45.5,0,0,0,0,0,0,0,0,113
45.5333333333333,0,0,0,0,0,0,0,0,113
45.5666666666667,0,0,0,0,0,0,0,0,113
45.6,0,0,0,0,0,0,0,0,113
45.6333333333333,0,0,0,0,0,0,0,0,113
45.6666666666667,0,0,0,0,0,0,0,0,113
45.7,0,0,0,0,0,0,0,0,113
45.7333333333333,0,0,0,0,0,0,0,0,113
45.7666666666667,0,0,0,0,0,0,0,0,113
45.8,0,0,0,0,0,0,0,0,113
45.8333333333333,0,0,0,0,0,0,0,0,113
45.8666666666667,0,0,0,0,0,0,0,0,113
45.9,0,0,0,0,0,0,0,0,113
45.9333333333333,0,0,0,0,0,0,0,0,113
45.9666666666667,0,0,0,0,0,0,0,0,113
46,0,0,0,0,0,0,0,0,113
46.0333333333333,0,0,0,0,0,0,0,0,113
46.0666666666667,0,0,0,0,0,0,0,0,113
46.1,0,0,0,0,0,0,0,0,113
46.1333333333333,0,0,0,0,0,0,0,0,113
46.1666666666667,0,0,0,0,0,0,0,0,113
46.2,0,0,0,0,0,0,0,0,113
46.2333333333333,0,0,0,0,0,0,0,0,113
46.2666666666667,0,0,0,0,0,0,0,0,113
46.3,0,0,0,0,0,0,0,0,113
46.3333333333333,0,0,0,0,0,0,0,0,113
46.3666666666667,0,0,0,0,0,0,0,0,113
46.4,0,0,0,0,0,0,0,0,113
46.4333333333333,0,0,0,0,0,0,0,0,113
46.4666666666667,0,0,0,0,0,0,0,0,113
46.5,0,0,0,0,0,0,0,0,113
46.5333333333333,0,0,0,0,0,0,0,0,113
46.5666666666667,0,0,0,0,0,0,0,0,113
46.6,0,0,0,0,0,0,0,0,113
46.6333333333333,0,0,0,0,0,0,0,0,113
46.6666666666667,0,0,0,0,0,0,0,0,113
46.7,0,0,0,0,0,0,0,0,113
46.7333333333333,0,0,0,0,0,0,0,0,113
46.7666666666667,0,0,0,0,0,0,0,0,113
46.8,0,0,0,0,0,0,0,0,113
46.8333333333333,0,0,0,0,0,0,0,0,113
46.8666666666667,0,0,0,0,0,0,0,0,113
46.9,0,0,0,0,0,0,0,0,113
46.9333333333333,0,0,0,0,0,0,0,0,113
46.9666666666667,0,0,0,0,0,0,0,0,113
47,0,0,0,0,0,0,0,0,113
47.0333333333333,0,0,0,0,0,0,0,0,113
47.0666666666667,0,0,0,0,0,0,0,0,113
47.1,0,0,0,0,0,0,0,0,113
47.1333333333333,0,0,0,0,0,0,0,0,113
47.1666666666667,0,0,0,0,0,0,0,0,113
47.2,0,0,0,0,0,0,0,0,113
47.2333333333333,0,0,0,0,0,0,0,0,113
47.2666666666667,0,0,0,0,0,0,0,0,113
47.3,0,0,0,0,0,0,0,0,113
47.3333333333333,0,0,0,0,0,0,0,0,113
47.3666666666667,0,0,0,0,0,0,0,0,113
47.4,0,0,0,0,0,0,0,0,113
47.4333333333333,0,0,0,0,0,0,0,0,113
47.4666666666667,0,0,0,0,0,0,0,0,113
47.5,0,0,0,0,0,0,0,0,113
47.5333333333333,0,0,0,0,0,0,0,0,113
47.5666666666667,0,0,0,0,0,0,0,0,113
47.6,0,0,0,0,0,0,0,0,113
47.6333333333333,0,0,0,0,0,0,0,0,113
47.6666666666667,0,0,0,0,0,0,0,0,113
47.7,0,0,0,0,0,0,0,0,113
47.7333333333333,0,0,0,0,0,0,0,0,113
47.7666666666667,0,0,0,0,0,0,0,0,113
47.8,0,0,0,0,0,0,0,0,113
47.8333333333333,0,0,0,0,0,0,0,0,113
47.8666666666667,0,0,0,0,0,0,0,0,113
47.9,0,0,0,0,0,0,0,0,113
47.9333333333333,0,0,0,0,0,0,0,0,113
47.9666666666667,0,0,0,0,0,0,0,0,113
48,0,0,0,0,0,0,0,0,113
48.0333333333333,0,0,0,0,0,0,0,0,113
48.0666666666667,0,0,0,0,0,0,0,0,113
48.1,0,0,0,0,0,0,0,0,113
48.1333333333333,0,0,0,0,0,0,0,0,113
48.1666666666667,0,0,0,0,0,0,0,0,113
48.2,0,0,0,0,0,0,0,0,113
48.2333333333333,0,0,0,0,0,0,0,0,113
48.2666666666667,0,0,0,0,0,0,0,0,113
48.3,0,0,0,0,0,0,0,0,113
48.3333333333333,0,0,0,0,0,0,0,0,113
48.3666666666667,0,0,0,0,0,0,0,0,113
48.4,0,0,0,0,0,0,0,0,113
48.4333333333333,0,0,0,0,0,0,0,0,113
48.4666666666667,0,0,0,0,0,0,0,0,113
48.5,0,0,0,0,0,0,0,0,113
48.5333333333333,0,0,0,0,0,0,0,0,113
48.5666666666667,0,0,0,0,0,0,0,0,113
48.6,0,0,0,0,0,0,0,0,113
48.6333333333333,0,0,0,0,0,0,0,0,113
48.6666666666667,0,0,0,0,0,0,0,0,113
48.7,0,0,0,0,0,0,0,0,113
48.7333333333333,0,0,0,0,0,0,0,0,113
48.7666666666667,0,0,0,0,0,0,0,0,113
48.8,0,0,0,0,0,0,0,0,113
48.8333333333333,0,0,0,0,0,0,0,0,113
48.8666666666667,0,0,0,0,0,0,0,0,113
48.9,0,0,0,0,0,0,0,0,113
48.9333333333333,0,0,0,0,0,0,0,0,113
48.9666666666667,0,0,0,0,0,0,0,0,113
49,0,0,0,0,0,0,0,0,113
49.0333333333333,0,0,0,0,0,0,0,0,113
49.0666666666667,0,0,0,0,0,0,0,0,113
49.1,0,0,0,0,0,0,0,0,113
49.1333333333333,0,0,0,0,0,0,0,0,113
49.1666666666667,0,0,0,0,0,0,0,0,113
49.2,0,0,0,0,0,0,0,0,113
49.2333333333333,0,0,0,0,0,0,0,0,113
49.2666666666667,0,0,0,0,0,0,0,0,113
49.3,0,0,0,0,0,0,0,0,113
49.3333333333333,0,0,0,0,0,0,0,0,113
49.3666666666667,0,0,0,0,0,0,0,0,113
49.4,0,0,0,0,0,0,0,0,113
49.4333333333333,0,0,0,0,0,0,0,0,113
49.4666666666667,0,0,0,0,0,0,0,0,113
49.5,0,0,0,0,0,0,0,0,113
49.5333333333333,0,0,0,0,0,0,0,0,113
49.5666666666667,0,0,0,0,0,0,0,0,113
49.6,0,0,0,0,0,0,0,0,113
49.6333333333333,0,0,0,0,0,0,0,0,113
49.6666666666667,0,0,0,0,0,0,0,0,113
49.7,0,0,0,0,0,0,0,0,113
49.7333333333333,0,0,0,0,0,0,0,0,113
49.7666666666667,0,0,0,0,0,0,0,0,113
49.8,0,0,0,0,0,0,0,0,113
49.8333333333333,0,0,0,0,0,0,0,0,113
49.8666666666667,0,0,0,0,0,0,0,0,113
49.9,0,0,0,0,0,0,0,0,113
49.9333333333333,0,0,0,0,0,0,0,0,113
49.9666666666667,0,0,0,0,0,0,0,0,113
50,0,0,0,0,0,0,0,0,113
50.0333333333333,0,0,0,0,0,0,0,0,113
50.0666666666667,0,0,0,0,0,0,0,0,113
50.1,0,0,0,0,0,0,0,0,113
50.1333333333333,0,0,0,0,0,0,0,0,113
50.1666666666667,0,0,0,0,0,0,0,0,113
50.2,0,0,0,0,0,0,0,0,113
50.2333333333333,0,0,0,0,0,0,0,0,113
50.2666666666667,0,0,0,0,0,0,0,0,113
50.3,0,0,0,0,0,0,0,0,113
50.3333333333333,0,0,0,0,0,0,0,0,113
50.3666666666667,0,0,0,0,0,0,0,0,113
50.4,0,0,0,0,0,0,0,0,113
50.4333333333333,0,0,0,0,0,0,0,0,113
50.4666666666667,0,0,0,0,0,0,0,0,113
50.5,0,0,0,0,0,0,0,0,113
50.5333333333333,0,0,0,0,0,0,0,0,113
50.5666666666667,0,0,0,0,0,0,0,0,113
50.6,0,0,0,0,0,0,0,0,113
50.6333333333333,0,0,0,0,0,0,0,0,113
50.6666666666667,0,0,0,0,0,0,0,0,113
50.7,0,0,0,0,0,0,0,0,113
50.7333333333333,0,0,0,0,0,0,0,0,113
50.7666666666667,0,0,0,0,0,0,0,0,113
50.8,0,0,0,0,0,0,0,0,113
50.8333333333333,0,0,0,0,0,0,0,0,113
50.8666666666667,0,0,0,0,0,0,0,0,113
50.9,0,0,0,0,0,0,0,0,113
50.9333333333333,0,0,0,0,0,0,0,0,113
50.9666666666667,0,0,0,0,0,0,0,0,113
51,0,0,0,0,0,0,0,0,113
51.0333333333333,0,0,0,0,0,0,0,0,113
51.0666666666667,0,0,0,0,0,0,0,0,113
51.1,0,0,0,0,0,0,0,0,113
51.1333333333333,0,0,0,0,0,0,0,0,113
51.1666666666667,0,0,0,0,0,0,0,0,113
51.2,0,0,0,0,0,0,0,0,113
51.2333333333333,0,0,0,0,0,0,0,0,113
51.2666666666667,0,0,0,0,0,0,0,0,113
51.3,0,0,0,0,0,0,0,0,113
51.3333333333333,0,0,0,0,0,0,0,0,113
51.3666666666667,0,0,0,0,0,0,0,0,113
51.4,0,0,0,0,0,0,0,0,113
51.4333333333333,0,0,0,0,0,0,0,0,113
51.4666666666667,0,0,0,0,0,0,0,0,113
51.5,0,0,0,0,0,0,0,0,113
51.5333333333333,0,0,0,0,0,0,0,0,113
51.5666666666667,0,0,0,0,0,0,0,0,113
51.6,0,0,0,0,0,0,0,0,113
51.6333333333333,0,0,0,0,0,0,0,0,113
51.6666666666667,0,0,0,0,0,0,0,0,113
51.7,0,0,0,0,0,0,0,0,113
51.7333333333333,0,0,0,0,0,0,0,0,113
51.7666666666667,0,0,0,0,0,0,0,0,113
51.8,0,0,0,0,0,0,0,0,113
51.8333333333333,0,0,0,0,0,0,0,0,113
51.8666666666667,0,0,0,0,0,0,0,0,113
51.9,0,0,0,0,0,0,0,0,113
51.9333333333333,0,0,0,0,0,0,0,0,113
51.9666666666667,0,0,0,0,0,0,0,0,113
52,0,0,0,0,0,0,0,0,113
52.0333333333333,0,0,0,0,0,0,0,0,113
52.0666666666667,0,0,0,0,0,0,0,0,113
52.1,0,0,0,0,0,0,0,0,113
52.1333333333333,0,0,0,0,0,0,0,0,113
52.1666666666667,0,0,0,0,0,0,0,0,113
52.2,0,0,0,0,0,0,0,0,113
52.2333333333333,0,0,0,0,0,0,0,0,113
52.2666666666667,0,0,0,0,0,0,0,0,113
52.3,0,0,0,0,0,0,0,0,113
52.3333333333333,0,0,0,0,0,0,0,0,113
52.3666666666667,0,0,0,0,0,0,0,0,113
52.4,0,0,0,0,0,0,0,0,113
52.4333333333333,0,0,0,0,0,0,0,0,113
52.4666666666667,0,0,0,0,0,0,0,0,113
52.5,0,0,0,0,0,0,0,0,113
52.5333333333333,0,0,0,0,0,0,0,0,113
52.5666666666667,0,0,0,0,0,0,0,0,113
52.6,0,0,0,0,0,0,0,0,113
52.6333333333333,0,0,0,0,0,0,0,0,113
52.6666666666667,0,0,0,0,0,0,0,0,113
52.7,0,0,0,0,0,0,0,0,113
52.7333333333333,0,0,0,0,0,0,0,0,113
52.7666666666667,0,0,0,0,0,0,0,0,113
52.8,0,0,0,0,0,0,0,0,113
52.8333333333333,0,0,0,0,0,0,0,0,113
52.8666666666667,0,0,0,0,0,0,0,0,113
52.9,0,0,0,0,0,0,0,0,113
52.9333333333333,0,0,0,0,0,0,0,0,113
52.9666666666667,0,0,0,0,0,0,0,0,113
53,0,0,0,0,0,0,0,0,113
53.0333333333333,0,0,0,0,0,0,0,0,113
53.0666666666667,0,0,0,0,0,0,0,0,113
53.1,0,0,0,0,0,0,0,0,113
53.1333333333333,0,0,0,0,0,0,0,0,113
53.1666666666667,0,0,0,0,0,0,0,0,113
53.2,0,0,0,0,0,0,0,0,113
53.2333333333333,0,0,0,0,0,0,0,0,113
53.2666666666667,0,0,0,0,0,0,0,0,113
53.3,0,0,0,0,0,0,0,0,113
53.3333333333333,0,0,0,0,0,0,0,0,113
53.3666666666667,0,0,0,0,0,0,0,0,113
53.4,0,0,0,0,0,0,0,0,113
53.4333333333333,0,0,0,0,0,0,0,0,113
53.4666666666667,0,0,0,0,0,0,0,0,113
53.5,0,0,0,0,0,0,0,0,113
53.5333333333333,0,0,0,0,0,0,0,0,113
53.5666666666667,0,0,0,0,0,0,0,0,113
53.6,0,0,0,0,0,0,0,0,113
53.6333333333333,0,0,0,0,0,0,0,0,113
53.6666666666667,0,0,0,0,0,0,0,0,113
53.7,0,0,0,0,0,0,0,0,113
53.7333333333333,0,0,0,0,0,0,0,0,113
53.7666666666667,0,0,0,0,0,0,0,0,113
53.8,0,0,0,0,0,0,0,0,113
53.8333333333333,0,0,0,0,0,0,0,0,113
53.8666666666667,0,0,0,0,0,0,0,0,113
53.9,0,0,0,0,0,0,0,0,113
53.9333333333333,0,0,0,0,0,0,0,0,113
53.9666666666667,0,0,0,0,0,0,0,0,113
54,0,0,0,0,0,0,0,0,113
54.0333333333333,0,0,0,0,0,0,0,0,113
54.0666666666667,0,0,0,0,0,0,0,0,113
54.1,0,0,0,0,0,0,0,0,113
54.1333333333333,0,0,0,0,0,0,0,0,113
54.1666666666667,0,0,0,0,0,0,0,0,113
54.2,0,0,0,0,0,0,0,0,113
54.2333333333333,0,0,0,0,0,0,0,0,113
54.2666666666667,0,0,0,0,0,0,0,0,113
54.3,0,0,0,0,0,0,0,0,113
54.3333333333333,0,0,0,0,0,0,0,0,113
54.3666666666667,0,0,0,0,0,0,0,0,113
54.4,0,0,0,0,0,0,0,0,113
54.4333333333333,0,0,0,0,0,0,0,0,113
54.4666666666667,0,0,0,0,0,0,0,0,113
54.5,0,0,0,0,0,0,0,0,113
54.5333333333333,0,0,0,0,0,0,0,0,113
54.5666666666667,0,0,0,0,0,0,0,0,113
54.6,0,0,0,0,0,0,0,0,113
54.6333333333333,0,0,0,0,0,0,0,0,113
54.6666666666667,0,0,0,0,0,0,0,0,113
54.7,0,0,0,0,0,0,0,0,113
54.7333333333333,0,0,0,0,0,0,0,0,113
54.7666666666667,0,0,0,0,0,0,0,0,113
54.8,0,0,0,0,0,0,0,0,113
54.8333333333333,0,0,0,0,0,0,0,0,113
54.8666666666667,0,0,0,0,0,0,0,0,113
54.9,0,0,0,0,0,0,0,0,113
54.9333333333333,0,0,0,0,0,0,0,0,113
54.9666666666667,0,0,0,0,0,0,0,0,113
55,0,0,0,0,0,0,0,0,113
55.0333333333333,0,0,0,0,0,0,0,0,113
55.0666666666667,0,0,0,0,0,0,0,0,113
55.1,0,0,0,0,0,0,0,0,113
55.1333333333333,0,0,0,0,0,0,0,0,113
55.1666666666667,0,0,0,0,0,0,0,0,113
55.2,0,0,0,0,0,0,0,0,113
55.2333333333333,0,0,0,0,0,0,0,0,113
55.2666666666667,0,0,0,0,0,0,0,0,113
55.3,0,0,0,0,0,0,0,0,113
55.3333333333333,0,0,0,0,0,0,0,0,113
55.3666666666667,0,0,0,0,0,0,0,0,113
55.4,0,0,0,0,0,0,0,0,113
55.4333333333333,0,0,0,0,0,0,0,0,113
55.4666666666667,0,0,0,0,0,0,0,0,113
55.5,0,0,0,0,0,0,0,0,113
55.5333333333333,0,0,0,0,0,0,0,0,113
55.5666666666667,0,0,0,0,0,0,0,0,113
55.6,0,0,0,0,0,0,0,0,113
55.6333333333333,0,0,0,0,0,0,0,0,113
55.6666666666667,0,0,0,0,0,0,0,0,113
55.7,0,0,0,0,0,0,0,0,113
55.7333333333333,0,0,0,0,0,0,0,0,113
55.7666666666667,0,0,0,0,0,0,0,0,113
55.8,0,0,0,0,0,0,0,0,113
55.8333333333333,0,0,0,0,0,0,0,0,113
55.8666666666667,0,0,0,0,0,0,0,0,113
55.9,0,0,0,0,0,0,0,0,113
55.9333333333333,0,0,0,0,0,0,0,0,113
55.9666666666667,0,0,0,0,0,0,0,0,113
56,0,0,0,0,0,0,0,0,113
56.0333333333333,0,0,0,0,0,0,0,0,113
56.0666666666667,0,0,0,0,0,0,0,0,113
56.1,0,0,0,0,0,0,0,0,113
56.1333333333333,0,0,0,0,0,0,0,0,113
56.1666666666667,0,0,0,0,0,0,0,0,113
56.2,0,0,0,0,0,0,0,0,113
56.2333333333333,0,0,0,0,0,0,0,0,113
56.2666666666667,0,0,0,0,0,0,0,0,113
56.3,0,0,0,0,0,0,0,0,113
56.3333333333333,0,0,0,0,0,0,0,0,113
56.3666666666667,0,0,0,0,0,0,0,0,113
56.4,0,0,0,0,0,0,0,0,113
56.4333333333333,0,0,0,0,0,0,0,0,113
56.4666666666667,0,0,0,0,0,0,0,0,113
56.5,0,0,0,0,0,0,0,0,113
56.5333333333333,0,0,0,0,0,0,0,0,113
56.5666666666667,0,0,0,0,0,0,0,0,113
56.6,0,0,0,0,0,0,0,0,113
56.6333333333333,0,0,0,0,0,0,0,0,113
56.6666666666667,0,0,0,0,0,0,0,0,113
56.7,0,0,0,0,0,0,0,0,113
56.7333333333333,0,0,0,0,0,0,0,0,113
56.7666666666667,0,0,0,0,0,0,0,0,113
56.8,0,0,0,0,0,0,0,0,113
56.8333333333333,0,0,0,0,0,0,0,0,113
56.8666666666667,0,0,0,0,0,0,0,0,113
56.9,0,0,0,0,0,0,0,0,113
56.9333333333333,0,0,0,0,0,0,0,0,113
56.9666666666667,0,0,0,0,0,0,0,0,113
57,0,0,0,0,0,0,0,0,113
57.0333333333333,0,0,0,0,0,0,0,0,113
57.0666666666667,0,0,0,0,0,0,0,0,113
57.1,0,0,0,0,0,0,0,0,113
57.1333333333333,0,0,0,0,0,0,0,0,113
57.1666666666667,0,0,0,0,0,0,0,0,113
57.2,0,0,0,0,0,0,0,0,113
57.2333333333333,0,0,0,0,0,0,0,0,113
57.2666666666667,0,0,0,0,0,0,0,0,113
57.3,0,0,0,0,0,0,0,0,113
57.3333333333333,0,0,0,0,0,0,0,0,113
57.3666666666667,0,0,0,0,0,0,0,0,113
57.4,0,0,0,0,0,0,0,0,113
57.4333333333333,0,0,0,0,0,0,0,0,113
57.4666666666667,0,0,0,0,0,0,0,0,113
57.5,0,0,0,0,0,0,0,0,113
57.5333333333333,0,0,0,0,0,0,0,0,113
57.5666666666667,0,0,0,0,0,0,0,0,113
57.6,0,0,0,0,0,0,0,0,113
57.6333333333333,0,0,0,0,0,0,0,0,113
57.6666666666667,0,0,0,0,0,0,0,0,113
57.7,0,0,0,0,0,0,0,0,113
57.7333333333333,0,0,0,0,0,0,0,0,113
57.7666666666667,0,0,0,0,0,0,0,0,113
57.8,0,0,0,0,0,0,0,0,113
57.8333333333333,0,0,0,0,0,0,0,0,113
57.8666666666667,0,0,0,0,0,0,0,0,113
57.9,0,0,0,0,0,0,0,0,113
57.9333333333333,0,0,0,0,0,0,0,0,113
57.9666666666667,0,0,0,0,0,0,0,0,113
58,0,0,0,0,0,0,0,0,113
58.0333333333333,0,0,0,0,0,0,0,0,113
58.0666666666667,0,0,0,0,0,0,0,0,113
58.1,0,0,0,0,0,0,0,0,113
58.1333333333333,0,0,0,0,0,0,0,0,113
58.1666666666667,0,0,0,0,0,0,0,0,113
58.2,0,0,0,0,0,0,0,0,113
58.2333333333333,0,0,0,0,0,0,0,0,113
58.2666666666667,0,0,0,0,0,0,0,0,113
58.3,0,0,0,0,0,0,0,0,113
58.3333333333333,0,0,0,0,0,0,0,0,113
58.3666666666667,0,0,0,0,0,0,0,0,113
58.4,0,0,0,0,0,0,0,0,113
58.4333333333333,0,0,0,0,0,0,0,0,113
58.4666666666667,0,0,0,0,0,0,0,0,113
58.5,0,0,0,0,0,0,0,0,113
58.5333333333333,0,0,0,0,0,0,0,0,113
58.5666666666667,0,0,0,0,0,0,0,0,113
58.6,0,0,0,0,0,0,0,0,113
58.6333333333333,0,0,0,0,0,0,0,0,113
58.6666666666667,0,0,0,0,0,0,0,0,113
58.7,0,0,0,0,0,0,0,0,113
58.7333333333333,0,0,0,0,0,0,0,0,113
58.7666666666667,0,0,0,0,0,0,0,0,113
58.8,0,0,0,0,0,0,0,0,113
58.8333333333333,0,0,0,0,0,0,0,0,113
58.8666666666667,0,0,0,0,0,0,0,0,113
58.9,0,0,0,0,0,0,0,0,113
58.9333333333333,0,0,0,0,0,0,0,0,113
58.9666666666667,0,0,0,0,0,0,0,0,113
59,0,0,0,0,0,0,0,0,55
59.0333333333333,0,0,0,0,0,0,0,0,55
59.0666666666667,0,0,0,0,0,0,0,0,55
59.1,0,0,0,0,0,0,0,0,55
59.1333333333333,0,0,0,0,0,0,0,0,55
59.1666666666667,0,0,0,0,0,0,0,0,55
59.2,0,0,0,0,0,0,0,0,55
59.2333333333333,0,0,0,0,0,0,0,0,55
59.2666666666667,0,0,0,0,0,0,0,0,55
59.3,0,0,0,0,0,0,0,0,55
59.3333333333333,0,0,0,0,0,0,0,0,55
59.3666666666667,0,0,0,0,0,0,0,0,55
59.4,0,0,0,0,0,0,0,0,55
59.4333333333333,0,0,0,0,0,0,0,0,55
59.4666666666667,0,0,0,0,0,0,0,0,55
59.5,0,0,0,0,0,0,0,0,55
59.5333333333333,0,0,0,0,0,0,0,0,55
59.5666666666667,0,0,0,0,0,0,0,0,55
59.6,0,0,0,0,0,0,0,0,55
59.6333333333333,0,0,0,0,0,0,0,0,55
59.6666666666667,0,0,0,0,0,0,0,0,55
59.7,0,0,0,0,0,0,0,0,55
59.7333333333333,0,0,0,0,0,0,0,0,55
59.7666666666667,0,0,0,0,0,0,0,0,55
59.8,0,0,0,0,0,0,0,0,55
59.8333333333333,0,0,0,0,0,0,0,0,55
59.8666666666667,0,0,0,0,0,0,0,0,55
59.9,0,0,0,0,0,0,0,0,55
59.9333333333333,0,0,0,0,0,0,0,0,55
59.9666666666667,0,0,0,0,0,0,0,0,55
60,0,0,0,0,0,0,0,0,55
60.0333333333333,0,0,0,0,0,0,0,0,55
60.0666666666667,0,0,0,0,0,0,0,0,55
60.1,0,0,0,0,0,0,0,0,55
60.1333333333333,0,0,0,0,0,0,0,0,55
60.1666666666667,0,0,0,0,0,0,0,0,55
60.2,0,0,0,0,0,0,0,0,55
60.2333333333333,0,0,0,0,0,0,0,0,55
60.2666666666667,0,0,0,0,0,0,0,0,55
60.3,0,0,0,0,0,0,0,0,55
60.3333333333333,0,0,0,0,0,0,0,0,55
60.3666666666667,0,0,0,0,0,0,0,0,55
60.4,0,0,0,0,0,0,0,0,55
60.4333333333333,0,0,0,0,0,0,0,0,55
60.4666666666667,0,0,0,0,0,0,0,0,55
60.5,0,0,0,0,0,0,0,0,55
60.5333333333333,0,0,0,0,0,0,0,0,55
60.5666666666667,0,0,0,0,0,0,0,0,55
60.6,0,0,0,0,0,0,0,0,55
60.6333333333333,0,0,0,0,0,0,0,0,55
60.6666666666667,0,0,0,0,0,0,0,0,55
60.7,0,0,0,0,0,0,0,0,55
60.7333333333333,0,0,0,0,0,0,0,0,55
60.7666666666667,0,0,0,0,0,0,0,0,55
60.8,0,0,0,0,0,0,0,0,55
60.8333333333333,0,0,0,0,0,0,0,0,55
60.8666666666667,0,0,0,0,0,0,0,0,55
60.9,0,0,0,0,0,0,0,0,55
60.9333333333333,0,0,0,0,0,0,0,0,55
60.9666666666667,0,0,0,0,0,0,0,0,55
61,0,0,0,0,0,0,0,0,113
61.0333333333333,0,0,0,0,0,0,0,0,113
61.0666666666667,0,0,0,0,0,0,0,0,113
61.1,0,0,0,0,0,0,0,0,113
61.1333333333333,0,0,0,0,0,0,0,0,113
61.1666666666667,0,0,0,0,0,0,0,0,113
61.2,0,0,0,0,0,0,0,0,113
61.2333333333333,0,0,0,0,0,0,0,0,113
61.2666666666667,0,0,0,0,0,0,0,0,113
61.3,0,0,0,0,0,0,0,0,113
61.3333333333333,0,0,0,0,0,0,0,0,113
61.3666666666667,0,0,0,0,0,0,0,0,113
61.4,0,0,0,0,0,0,0,0,113
61.4333333333333,0,0,0,0,0,0,0,0,113
61.4666666666667,0,0,0,0,0,0,0,0,113
61.5,0,0,0,0,0,0,0,0,113
61.5333333333333,0,0,0,0,0,0,0,0,113
61.5666666666667,0,0,0,0,0,0,0,0,113
61.6,0,0,0,0,0,0,0,0,113
61.6333333333333,0,0,0,0,0,0,0,0,113
61.6666666666667,0,0,0,0,0,0,0,0,113
61.7,0,0,0,0,0,0,0,0,113
61.7333333333333,0,0,0,0,0,0,0,0,113
61.7666666666667,0,0,0,0,0,0,0,0,113
61.8,0,0,0,0,0,0,0,0,113
61.8333333333333,0,0,0,0,0,0,0,0,113
61.8666666666667,0,0,0,0,0,0,0,0,113
61.9,0,0,0,0,0,0,0,0,113
61.9333333333333,0,0,0,0,0,0,0,0,113
61.9666666666667,0,0,0,0,0,0,0,0,113
62,0,0,0,0,0,0,0,0,113
62.0333333333333,0,0,0,0,0,0,0,0,113
62.0666666666667,0,0,0,0,0,0,0,0,113
62.1,0,0,0,0,0,0,0,0,113
62.1333333333333,0,0,0,0,0,0,0,0,113
62.1666666666667,0,0,0,0,0,0,0,0,113
62.2,0,0,0,0,0,0,0,0,113
62.2333333333333,0,0,0,0,0,0,0,0,113
62.2666666666667,0,0,0,0,0,0,0,0,113
62.3,0,0,0,0,0,0,0,0,113
62.3333333333333,0,0,0,0,0,0,0,0,113
62.3666666666667,0,0,0,0,0,0,0,0,113
62.4,0,0,0,0,0,0,0,0,113
62.4333333333333,0,0,0,0,0,0,0,0,113
62.4666666666667,0,0,0,0,0,0,0,0,113
62.5,0,0,0,0,0,0,0,0,113
62.5333333333333,0,0,0,0,0,0,0,0,113
62.5666666666667,0,0,0,0,0,0,0,0,113
62.6,0,0,0,0,0,0,0,0,113
62.6333333333333,0,0,0,0,0,0,0,0,113
62.6666666666667,0,0,0,0,0,0,0,0,113
62.7,0,0,0,0,0,0,0,0,113
62.7333333333333,0,0,0,0,0,0,0,0,113
62.7666666666667,0,0,0,0,0,0,0,0,113
62.8,0,0,0,0,0,0,0,0,113
62.8333333333333,0,0,0,0,0,0,0,0,113
62.8666666666667,0,0,0,0,0,0,0,0,113
62.9,0,0,0,0,0,0,0,0,113
62.9333333333333,0,0,0,0,0,0,0,0,113
62.9666666666667,0,0,0,0,0,0,0,0,113
63,0,0,0,0,0,0,0,0,113
63.0333333333333,0,0,0,0,0,0,0,0,113
63.0666666666667,0,0,0,0,0,0,0,0,113
63.1,0,0,0,0,0,0,0,0,113
63.1333333333333,0,0,0,0,0,0,0,0,113
63.1666666666667,0,0,0,0,0,0,0,0,113
63.2,0,0,0,0,0,0,0,0,113
63.2333333333333,0,0,0,0,0,0,0,0,113
63.2666666666667,0,0,0,0,0,0,0,0,113
63.3,0,0,0,0,0,0,0,0,113
63.3333333333333,0,0,0,0,0,0,0,0,113
63.3666666666667,0,0,0,0,0,0,0,0,113
63.4,0,0,0,0,0,0,0,0,113
63.4333333333333,0,0,0,0,0,0,0,0,113
63.4666666666667,0,0,0,0,0,0,0,0,113
63.5,0,0,0,0,0,0,0,0,113
63.5333333333333,0,0,0,0,0,0,0,0,113
63.5666666666667,0,0,0,0,0,0,0,0,113
63.6,0,0,0,0,0,0,0,0,113
63.6333333333333,0,0,0,0,0,0,0,0,113
63.6666666666667,0,0,0,0,0,0,0,0,113
63.7,0,0,0,0,0,0,0,0,113
63.7333333333333,0,0,0,0,0,0,0,0,113
63.7666666666667,0,0,0,0,0,0,0,0,113
63.8,0,0,0,0,0,0,0,0,113
63.8333333333333,0,0,0,0,0,0,0,0,113
63.8666666666667,0,0,0,0,0,0,0,0,113
63.9,0,0,0,0,0,0,0,0,113
63.9333333333333,0,0,0,0,0,0,0,0,113
63.9666666666667,0,0,0,0,0,0,0,0,113
64,0,0,0,0,0,0,0,0,113
64.0333333333333,0,0,0,0,0,0,0,0,113
64.0666666666667,0,0,0,0,0,0,0,0,113
64.1,0,0,0,0,0,0,0,0,113
64.1333333333333,0,0,0,0,0,0,0,0,113
64.1666666666667,0,0,0,0,0,0,0,0,113
64.2,0,0,0,0,0,0,0,0,113
64.2333333333333,0,0,0,0,0,0,0,0,113
64.2666666666667,0,0,0,0,0,0,0,0,113
64.3,0,0,0,0,0,0,0,0,113
64.3333333333333,0,0,0,0,0,0,0,0,113
64.3666666666667,0,0,0,0,0,0,0,0,113
64.4,0,0,0,0,0,0,0,0,113
64.4333333333333,0,0,0,0,0,0,0,0,113
64.4666666666667,0,0,0,0,0,0,0,0,113
64.5,0,0,0,0,0,0,0,0,113
64.5333333333333,0,0,0,0,0,0,0,0,113
64.5666666666667,0,0,0,0,0,0,0,0,113
64.6,0,0,0,0,0,0,0,0,113
64.6333333333333,0,0,0,0,0,0,0,0,113
64.6666666666667,0,0,0,0,0,0,0,0,113
64.7,0,0,0,0,0,0,0,0,113
64.7333333333333,0,0,0,0,0,0,0,0,113
64.7666666666667,0,0,0,0,0,0,0,0,113
64.8,0,0,0,0,0,0,0,0,113
64.8333333333333,0,0,0,0,0,0,0,0,113
64.8666666666667,0,0,0,0,0,0,0,0,113
64.9,0,0,0,0,0,0,0,0,113
64.9333333333333,0,0,0,0,0,0,0,0,113
64.9666666666667,0,0,0,0,0,0,0,0,113
65,0,0,0,0,0,0,0,0,113
65.0333333333333,0,0,0,0,0,0,0,0,113
65.0666666666667,0,0,0,0,0,0,0,0,113
65.1,0,0,0,0,0,0,0,0,113
65.1333333333333,0,0,0,0,0,0,0,0,113
65.1666666666667,0,0,0,0,0,0,0,0,113
65.2,0,0,0,0,0,0,0,0,113
65.2333333333333,0,0,0,0,0,0,0,0,113
65.2666666666667,0,0,0,0,0,0,0,0,113
65.3,0,0,0,0,0,0,0,0,113
65.3333333333333,0,0,0,0,0,0,0,0,113
65.3666666666667,0,0,0,0,0,0,0,0,113
65.4,0,0,0,0,0,0,0,0,113
65.4333333333333,0,0,0,0,0,0,0,0,113
65.4666666666667,0,0,0,0,0,0,0,0,113
65.5,0,0,0,0,0,0,0,0,113
65.5333333333333,0,0,0,0,0,0,0,0,113
65.5666666666667,0,0,0,0,0,0,0,0,113
65.6,0,0,0,0,0,0,0,0,113
65.6333333333333,0,0,0,0,0,0,0,0,113
65.6666666666667,0,0,0,0,0,0,0,0,113
65.7,0,0,0,0,0,0,0,0,113
65.7333333333333,0,0,0,0,0,0,0,0,113
65.7666666666667,0,0,0,0,0,0,0,0,113
65.8,0,0,0,0,0,0,0,0,113
65.8333333333333,0,0,0,0,0,0,0,0,113
65.8666666666667,0,0,0,0,0,0,0,0,113
65.9,0,0,0,0,0,0,0,0,113
65.9333333333333,0,0,0,0,0,0,0,0,113
65.9666666666667,0,0,0,0,0,0,0,0,113
66,0,0,0,0,0,0,0,0,113
66.0333333333333,0,0,0,0,0,0,0,0,113
66.0666666666667,0,0,0,0,0,0,0,0,113
66.1,0,0,0,0,0,0,0,0,113
66.1333333333333,0,0,0,0,0,0,0,0,113
66.1666666666667,0,0,0,0,0,0,0,0,113
66.2,0,0,0,0,0,0,0,0,113
66.2333333333333,0,0,0,0,0,0,0,0,113
66.2666666666667,0,0,0,0,0,0,0,0,113
66.3,0,0,0,0,0,0,0,0,113
66.3333333333333,0,0,0,0,0,0,0,0,113
66.3666666666667,0,0,0,0,0,0,0,0,113
66.4,0,0,0,0,0,0,0,0,113
66.4333333333333,0,0,0,0,0,0,0,0,113
66.4666666666667,0,0,0,0,0,0,0,0,113
66.5,0,0,0,0,0,0,0,0,113
66.5333333333333,0,0,0,0,0,0,0,0,113
66.5666666666667,0,0,0,0,0,0,0,0,113
66.6,0,0,0,0,0,0,0,0,113
66.6333333333333,0,0,0,0,0,0,0,0,113
66.6666666666667,0,0,0,0,0,0,0,0,113
66.7,0,0,0,0,0,0,0,0,113
66.7333333333333,0,0,0,0,0,0,0,0,113
66.7666666666667,0,0,0,0,0,0,0,0,113
66.8,0,0,0,0,0,0,0,0,113
66.8333333333333,0,0,0,0,0,0,0,0,113
66.8666666666667,0,0,0,0,0,0,0,0,113
66.9,0,0,0,0,0,0,0,0,113
66.9333333333333,0,0,0,0,0,0,0,0,113
66.9666666666667,0,0,0,0,0,0,0,0,113
67,0,0,0,0,0,0,0,0,113
67.0333333333333,0,0,0,0,0,0,0,0,113
67.0666666666667,0,0,0,0,0,0,0,0,113
67.1,0,0,0,0,0,0,0,0,113
67.1333333333333,0,0,0,0,0,0,0,0,113
67.1666666666667,0,0,0,0,0,0,0,0,113
67.2,0,0,0,0,0,0,0,0,113
67.2333333333333,0,0,0,0,0,0,0,0,113
67.2666666666667,0,0,0,0,0,0,0,0,113
67.3,0,0,0,0,0,0,0,0,113
67.3333333333333,0,0,0,0,0,0,0,0,113
67.3666666666667,0,0,0,0,0,0,0,0,113
67.4,0,0,0,0,0,0,0,0,113
67.4333333333333,0,0,0,0,0,0,0,0,113
67.4666666666667,0,0,0,0,0,0,0,0,113
67.5,0,0,0,0,0,0,0,0,113
67.5333333333333,0,0,0,0,0,0,0,0,113
67.5666666666667,0,0,0,0,0,0,0,0,113
67.6,0,0,0,0,0,0,0,0,113
67.6333333333333,0,0,0,0,0,0,0,0,113
67.6666666666667,0,0,0,0,0,0,0,0,113
67.7,0,0,0,0,0,0,0,0,113
67.7333333333333,0,0,0,0,0,0,0,0,113
67.7666666666667,0,0,0,0,0,0,0,0,113
67.8,0,0,0,0,0,0,0,0,113
67.8333333333333,0,0,0,0,0,0,0,0,113
67.8666666666667,0,0,0,0,0,0,0,0,113
67.9,0,0,0,0,0,0,0,0,113
67.9333333333333,0,0,0,0,0,0,0,0,113
67.9666666666667,0,0,0,0,0,0,0,0,113
68,0,0,0,0,0,0,0,0,113
68.0333333333333,0,0,0,0,0,0,0,0,113
68.0666666666667,0,0,0,0,0,0,0,0,113
68.1,0,0,0,0,0,0,0,0,113
68.1333333333333,0,0,0,0,0,0,0,0,113
68.1666666666667,0,0,0,0,0,0,0,0,113
68.2,0,0,0,0,0,0,0,0,113
68.2333333333333,0,0,0,0,0,0,0,0,113
68.2666666666667,0,0,0,0,0,0,0,0,113
68.3,0,0,0,0,0,0,0,0,113
68.3333333333333,0,0,0,0,0,0,0,0,113
68.3666666666667,0,0,0,0,0,0,0,0,113
68.4,0,0,0,0,0,0,0,0,113
68.4333333333333,0,0,0,0,0,0,0,0,113
68.4666666666667,0,0,0,0,0,0,0,0,113
68.5,0,0,0,0,0,0,0,0,113
68.5333333333333,0,0,0,0,0,0,0,0,113
68.5666666666667,0,0,0,0,0,0,0,0,113
68.6,0,0,0,0,0,0,0,0,113
68.6333333333333,0,0,0,0,0,0,0,0,113
68.6666666666667,0,0,0,0,0,0,0,0,113
68.7,0,0,0,0,0,0,0,0,113
68.7333333333333,0,0,0,0,0,0,0,0,113
68.7666666666667,0,0,0,0,0,0,0,0,113
68.8,0,0,0,0,0,0,0,0,113
68.8333333333333,0,0,0,0,0,0,0,0,113
68.8666666666667,0,0,0,0,0,0,0,0,113
68.9,0,0,0,0,0,0,0,0,113
68.9333333333333,0,0,0,0,0,0,0,0,113
68.9666666666667,0,0,0,0,0,0,0,0,113
69,0,0,0,0,0,0,0,0,113
69.0333333333333,0,0,0,0,0,0,0,0,113
69.0666666666667,0,0,0,0,0,0,0,0,113
69.1,0,0,0,0,0,0,0,0,113
69.1333333333333,0,0,0,0,0,0,0,0,113
69.1666666666667,0,0,0,0,0,0,0,0,113
69.2,0,0,0,0,0,0,0,0,113
69.2333333333333,0,0,0,0,0,0,0,0,113
69.2666666666667,0,0,0,0,0,0,0,0,113
69.3,0,0,0,0,0,0,0,0,113
69.3333333333333,0,0,0,0,0,0,0,0,113
69.3666666666667,0,0,0,0,0,0,0,0,113
69.4,0,0,0,0,0,0,0,0,113
69.4333333333333,0,0,0,0,0,0,0,0,113
69.4666666666667,0,0,0,0,0,0,0,0,113
69.5,0,0,0,0,0,0,0,0,113
69.5333333333333,0,0,0,0,0,0,0,0,113
69.5666666666667,0,0,0,0,0,0,0,0,113
69.6,0,0,0,0,0,0,0,0,113
69.6333333333333,0,0,0,0,0,0,0,0,113
69.6666666666667,0,0,0,0,0,0,0,0,113
69.7,0,0,0,0,0,0,0,0,113
69.7333333333333,0,0,0,0,0,0,0,0,113
69.7666666666667,0,0,0,0,0,0,0,0,113
69.8,0,0,0,0,0,0,0,0,113
69.8333333333333,0,0,0,0,0,0,0,0,113
69.8666666666667,0,0,0,0,0,0,0,0,113
69.9,0,0,0,0,0,0,0,0,113
69.9333333333333,0,0,0,0,0,0,0,0,113
69.9666666666667,0,0,0,0,0,0,0,0,113
70,0,0,0,0,0,0,0,0,113
70.0333333333333,0,0,0,0,0,0,0,0,113
70.0666666666667,0,0,0,0,0,0,0,0,113
70.1,0,0,0,0,0,0,0,0,113
70.1333333333333,0,0,0,0,0,0,0,0,113
70.1666666666667,0,0,0,0,0,0,0,0,113
70.2,0,0,0,0,0,0,0,0,113
70.2333333333333,0,0,0,0,0,0,0,0,113
70.2666666666667,0,0,0,0,0,0,0,0,113
70.3,0,0,0,0,0,0,0,0,113
70.3333333333333,0,0,0,0,0,0,0,0,113
70.3666666666667,0,0,0,0,0,0,0,0,113
70.4,0,0,0,0,0,0,0,0,113
70.4333333333333,0,0,0,0,0,0,0,0,113
70.4666666666667,0,0,0,0,0,0,0,0,113
70.5,0,0,0,0,0,0,0,0,113
70.5333333333333,0,0,0,0,0,0,0,0,113
70.5666666666667,0,0,0,0,0,0,0,0,113
70.6,0,0,0,0,0,0,0,0,113
70.6333333333333,0,0,0,0,0,0,0,0,113
70.6666666666667,0,0,0,0,0,0,0,0,113
70.7,0,0,0,0,0,0,0,0,113
70.7333333333333,0,0,0,0,0,0,0,0,113
70.7666666666667,0,0,0,0,0,0,0,0,113
70.8,0,0,0,0,0,0,0,0,113
70.8333333333333,0,0,0,0,0,0,0,0,113
70.8666666666667,0,0,0,0,0,0,0,0,113
70.9,0,0,0,0,0,0,0,0,113
70.9333333333333,0,0,0,0,0,0,0,0,113
70.9666666666667,0,0,0,0,0,0,0,0,113
71,0,0,0,0,0,0,0,0,113
71.0333333333333,0,0,0,0,0,0,0,0,113
71.0666666666667,0,0,0,0,0,0,0,0,113
71.1,0,0,0,0,0,0,0,0,113
71.1333333333333,0,0,0,0,0,0,0,0,113
71.1666666666667,0,0,0,0,0,0,0,0,113
71.2,0,0,0,0,0,0,0,0,113
71.2333333333333,0,0,0,0,0,0,0,0,113
71.2666666666667,0,0,0,0,0,0,0,0,113
71.3,0,0,0,0,0,0,0,0,113
71.3333333333333,0,0,0,0,0,0,0,0,113
71.3666666666667,0,0,0,0,0,0,0,0,113
71.4,0,0,0,0,0,0,0,0,113
71.4333333333333,0,0,0,0,0,0,0,0,113
71.4666666666667,0,0,0,0,0,0,0,0,113
71.5,0,0,0,0,0,0,0,0,113
71.5333333333333,0,0,0,0,0,0,0,0,113
71.5666666666667,0,0,0,0,0,0,0,0,113
71.6,0,0,0,0,0,0,0,0,113
71.6333333333333,0,0,0,0,0,0,0,0,113
71.6666666666667,0,0,0,0,0,0,0,0,113
71.7,0,0,0,0,0,0,0,0,113
71.7333333333333,0,0,0,0,0,0,0,0,113
71.7666666666667,0,0,0,0,0,0,0,0,113
71.8,0,0,0,0,0,0,0,0,113
71.8333333333333,0,0,0,0,0,0,0,0,113
71.8666666666667,0,0,0,0,0,0,0,0,113
71.9,0,0,0,0,0,0,0,0,113
71.9333333333333,0,0,0,0,0,0,0,0,113
71.9666666666667,0,0,0,0,0,0,0,0,113
72,0,0,0,0,0,0,0,0,113
72.0333333333333,0,0,0,0,0,0,0,0,113
72.0666666666667,0,0,0,0,0,0,0,0,113
72.1,0,0,0,0,0,0,0,0,113
72.1333333333333,0,0,0,0,0,0,0,0,113
72.1666666666667,0,0,0,0,0,0,0,0,113
72.2,0,0,0,0,0,0,0,0,113
72.2333333333333,0,0,0,0,0,0,0,0,113
72.2666666666667,0,0,0,0,0,0,0,0,113
72.3,0,0,0,0,0,0,0,0,113
72.3333333333333,0,0,0,0,0,0,0,0,113
72.3666666666667,0,0,0,0,0,0,0,0,113
72.4,0,0,0,0,0,0,0,0,113
72.4333333333333,0,0,0,0,0,0,0,0,113
72.4666666666667,0,0,0,0,0,0,0,0,113
72.5,0,0,0,0,0,0,0,0,113
72.5333333333333,0,0,0,0,0,0,0,0,113
72.5666666666667,0,0,0,0,0,0,0,0,113
72.6,0,0,0,0,0,0,0,0,113
72.6333333333333,0,0,0,0,0,0,0,0,113
72.6666666666667,0,0,0,0,0,0,0,0,113
72.7,0,0,0,0,0,0,0,0,113
72.7333333333333,0,0,0,0,0,0,0,0,113
72.7666666666667,0,0,0,0,0,0,0,0,113
72.8,0,0,0,0,0,0,0,0,113
72.8333333333333,0,0,0,0,0,0,0,0,113
72.8666666666667,0,0,0,0,0,0,0,0,113
72.9,0,0,0,0,0,0,0,0,113
72.9333333333333,0,0,0,0,0,0,0,0,113
72.9666666666667,0,0,0,0,0,0,0,0,113
73,0,0,0,0,0,0,0,0,113
73.0333333333333,0,0,0,0,0,0,0,0,113
73.0666666666667,0,0,0,0,0,0,0,0,113
73.1,0,0,0,0,0,0,0,0,113
73.1333333333333,0,0,0,0,0,0,0,0,113
73.1666666666667,0,0,0,0,0,0,0,0,113
73.2,0,0,0,0,0,0,0,0,113
73.2333333333333,0,0,0,0,0,0,0,0,113
73.2666666666667,0,0,0,0,0,0,0,0,113
73.3,0,0,0,0,0,0,0,0,113
73.3333333333333,0,0,0,0,0,0,0,0,113
73.3666666666667,0,0,0,0,0,0,0,0,113
73.4,0,0,0,0,0,0,0,0,113
73.4333333333333,0,0,0,0,0,0,0,0,113
73.4666666666667,0,0,0,0,0,0,0,0,113
73.5,0,0,0,0,0,0,0,0,113
73.5333333333333,0,0,0,0,0,0,0,0,113
73.5666666666667,0,0,0,0,0,0,0,0,113
73.6,0,0,0,0,0,0,0,0,113
73.6333333333333,0,0,0,0,0,0,0,0,113
73.6666666666667,0,0,0,0,0,0,0,0,113
73.7,0,0,0,0,0,0,0,0,113
73.7333333333333,0,0,0,0,0,0,0,0,113
73.7666666666667,0,0,0,0,0,0,0,0,113
73.8,0,0,0,0,0,0,0,0,113
73.8333333333333,0,0,0,0,0,0,0,0,113
73.8666666666667,0,0,0,0,0,0,0,0,113
73.9,0,0,0,0,0,0,0,0,113
73.9333333333333,0,0,0,0,0,0,0,0,113
73.9666666666667,0,0,0,0,0,0,0,0,113
74,0,0,0,0,0,0,0,0,113
74.0333333333333,0,0,0,0,0,0,0,0,113
74.0666666666667,0,0,0,0,0,0,0,0,113
74.1,0,0,0,0,0,0,0,0,113
74.1333333333333,0,0,0,0,0,0,0,0,113
74.1666666666667,0,0,0,0,0,0,0,0,113
74.2,0,0,0,0,0,0,0,0,113
74.2333333333333,0,0,0,0,0,0,0,0,113
74.2666666666667,0,0,0,0,0,0,0,0,113
74.3,0,0,0,0,0,0,0,0,113
74.3333333333333,0,0,0,0,0,0,0,0,113
74.3666666666667,0,0,0,0,0,0,0,0,113
74.4,0,0,0,0,0,0,0,0,113
74.4333333333333,0,0,0,0,0,0,0,0,113
74.4666666666667,0,0,0,0,0,0,0,0,113
74.5,0,0,0,0,0,0,0,0,113
74.5333333333333,0,0,0,0,0,0,0,0,113
74.5666666666667,0,0,0,0,0,0,0,0,113
74.6,0,0,0,0,0,0,0,0,113
74.6333333333333,0,0,0,0,0,0,0,0,113
74.6666666666667,0,0,0,0,0,0,0,0,113
74.7,0,0,0,0,0,0,0,0,113
74.7333333333333,0,0,0,0,0,0,0,0,113
74.7666666666667,0,0,0,0,0,0,0,0,113
74.8,0,0,0,0,0,0,0,0,113
74.8333333333333,0,0,0,0,0,0,0,0,113
74.8666666666667,0,0,0,0,0,0,0,0,113
74.9,0,0,0,0,0,0,0,0,113
74.9333333333333,0,0,0,0,0,0,0,0,113
74.9666666666667,0,0,0,0,0,0,0,0,113
75,0,0,0,0,0,0,0,0,113
75.0333333333333,0,0,0,0,0,0,0,0,113
75.0666666666667,0,0,0,0,0,0,0,0,113
75.1,0,0,0,0,0,0,0,0,113
75.1333333333333,0,0,0,0,0,0,0,0,113
75.1666666666667,0,0,0,0,0,0,0,0,113
75.2,0,0,0,0,0,0,0,0,113
75.2333333333333,0,0,0,0,0,0,0,0,113
75.2666666666667,0,0,0,0,0,0,0,0,113
75.3,0,0,0,0,0,0,0,0,113
75.3333333333333,0,0,0,0,0,0,0,0,113
75.3666666666667,0,0,0,0,0,0,0,0,113
75.4,0,0,0,0,0,0,0,0,113
75.4333333333333,0,0,0,0,0,0,0,0,113
75.4666666666667,0,0,0,0,0,0,0,0,113
75.5,0,0,0,0,0,0,0,0,113
75.5333333333333,0,0,0,0,0,0,0,0,113
75.5666666666667,0,0,0,0,0,0,0,0,113
75.6,0,0,0,0,0,0,0,0,113
75.6333333333333,0,0,0,0,0,0,0,0,113
75.6666666666667,0,0,0,0,0,0,0,0,113
75.7,0,0,0,0,0,0,0,0,113
75.7333333333333,0,0,0,0,0,0,0,0,113
75.7666666666667,0,0,0,0,0,0,0,0,113
75.8,0,0,0,0,0,0,0,0,113
75.8333333333333,0,0,0,0,0,0,0,0,113
75.8666666666667,0,0,0,0,0,0,0,0,113
75.9,0,0,0,0,0,0,0,0,113
75.9333333333333,0,0,0,0,0,0,0,0,113
75.9666666666667,0,0,0,0,0,0,0,0,113
76,0,0,0,0,0,0,0,0,55
76.0333333333333,0,0,0,0,0,0,0,0,55
76.0666666666667,0,0,0,0,0,0,0,0,55
76.1,0,0,0,0,0,0,0,0,55
76.1333333333333,0,0,0,0,0,0,0,0,55
76.1666666666667,0,0,0,0,0,0,0,0,55
76.2,0,0,0,0,0,0,0,0,55
76.2333333333333,0,0,0,0,0,0,0,0,55
76.2666666666667,0,0,0,0,0,0,0,0,55
76.3,0,0,0,0,0,0,0,0,55
76.3333333333333,0,0,0,0,0,0,0,0,55
76.3666666666667,0,0,0,0,0,0,0,0,55
76.4,0,0,0,0,0,0,0,0,55
76.4333333333333,0,0,0,0,0,0,0,0,55
76.4666666666667,0,0,0,0,0,0,0,0,55
76.5,0,0,0,0,0,0,0,0,55
76.5333333333333,0,0,0,0,0,0,0,0,55
76.5666666666667,0,0,0,0,0,0,0,0,55
76.6,0,0,0,0,0,0,0,0,55
76.6333333333333,0,0,0,0,0,0,0,0,55
76.6666666666667,0,0,0,0,0,0,0,0,55
76.7,0,0,0,0,0,0,0,0,55
76.7333333333333,0,0,0,0,0,0,0,0,55
76.7666666666667,0,0,0,0,0,0,0,0,55
76.8,0,0,0,0,0,0,0,0,55
76.8333333333333,0,0,0,0,0,0,0,0,55
76.8666666666667,0,0,0,0,0,0,0,0,55
76.9,0,0,0,0,0,0,0,0,55
76.9333333333333,0,0,0,0,0,0,0,0,55
76.9666666666667,0,0,0,0,0,0,0,0,55
77,0,0,0,0,0,0,0,0,55
77.0333333333333,0,0,0,0,0,0,0,0,55
77.0666666666667,0,0,0,0,0,0,0,0,55
77.1,0,0,0,0,0,0,0,0,55
77.1333333333333,0,0,0,0,0,0,0,0,55
77.1666666666667,0,0,0,0,0,0,0,0,55
77.2,0,0,0,0,0,0,0,0,55
77.2333333333333,0,0,0,0,0,0,0,0,55
77.2666666666667,0,0,0,0,0,0,0,0,55
77.3,0,0,0,0,0,0,0,0,55
77.3333333333333,0,0,0,0,0,0,0,0,55
77.3666666666667,0,0,0,0,0,0,0,0,55
77.4,0,0,0,0,0,0,0,0,55
77.4333333333333,0,0,0,0,0,0,0,0,55
77.4666666666667,0,0,0,0,0,0,0,0,55
77.5,0,0,0,0,0,0,0,0,55
77.5333333333333,0,0,0,0,0,0,0,0,55
77.5666666666667,0,0,0,0,0,0,0,0,55
77.6,0,0,0,0,0,0,0,0,55
77.6333333333333,0,0,0,0,0,0,0,0,55
77.6666666666667,0,0,0,0,0,0,0,0,55
77.7,0,0,0,0,0,0,0,0,55
77.7333333333333,0,0,0,0,0,0,0,0,55
77.7666666666667,0,0,0,0,0,0,0,0,55
77.8,0,0,0,0,0,0,0,0,55
77.8333333333333,0,0,0,0,0,0,0,0,55
77.8666666666667,0,0,0,0,0,0,0,0,55
77.9,0,0,0,0,0,0,0,0,55
77.9333333333333,0,0,0,0,0,0,0,0,55
77.9666666666667,0,0,0,0,0,0,0,0,55
78,0,0,0,0,0,0,0,0,55
78.0333333333333,0,0,0,0,0,0,0,0,55
78.0666666666667,0,0,0,0,0,0,0,0,55
78.1,0,0,0,0,0,0,0,0,55
78.1333333333333,0,0,0,0,0,0,0,0,55
78.1666666666667,0,0,0,0,0,0,0,0,55
78.2,0,0,0,0,0,0,0,0,55
78.2333333333333,0,0,0,0,0,0,0,0,55
78.2666666666667,0,0,0,0,0,0,0,0,55
78.3,0,0,0,0,0,0,0,0,55
78.3333333333333,0,0,0,0,0,0,0,0,55
78.3666666666667,0,0,0,0,0,0,0,0,55
78.4,0,0,0,0,0,0,0,0,55
78.4333333333333,0,0,0,0,0,0,0,0,55
78.4666666666667,0,0,0,0,0,0,0,0,55
78.5,0,0,0,0,0,0,0,0,55
78.5333333333333,0,0,0,0,0,0,0,0,55
78.5666666666667,0,0,0,0,0,0,0,0,55
78.6,0,0,0,0,0,0,0,0,55
78.6333333333333,0,0,0,0,0,0,0,0,55
78.6666666666667,0,0,0,0,0,0,0,0,55
78.7,0,0,0,0,0,0,0,0,55
78.7333333333333,0,0,0,0,0,0,0,0,55
78.7666666666667,0,0,0,0,0,0,0,0,55
78.8,0,0,0,0,0,0,0,0,55
78.8333333333333,0,0,0,0,0,0,0,0,55
78.8666666666667,0,0,0,0,0,0,0,0,55
78.9,0,0,0,0,0,0,0,0,55
78.9333333333333,0,0,0,0,0,0,0,0,55
78.9666666666667,0,0,0,0,0,0,0,0,55
79,0,0,0,0,0,0,0,0,55
79.0333333333333,0,0,0,0,0,0,0,0,55
79.0666666666667,0,0,0,0,0,0,0,0,55
79.1,0,0,0,0,0,0,0,0,55
79.1333333333333,0,0,0,0,0,0,0,0,55
79.1666666666667,0,0,0,0,0,0,0,0,55
79.2,0,0,0,0,0,0,0,0,55
79.2333333333333,0,0,0,0,0,0,0,0,55
79.2666666666667,0,0,0,0,0,0,0,0,55
79.3,0,0,0,0,0,0,0,0,55
79.3333333333333,0,0,0,0,0,0,0,0,55
79.3666666666667,0,0,0,0,0,0,0,0,55
79.4,0,0,0,0,0,0,0,0,55
79.4333333333333,0,0,0,0,0,0,0,0,55
79.4666666666667,0,0,0,0,0,0,0,0,55
79.5,0,0,0,0,0,0,0,0,55
79.5333333333333,0,0,0,0,0,0,0,0,55
79.5666666666667,0,0,0,0,0,0,0,0,55
79.6,0,0,0,0,0,0,0,0,55
79.6333333333333,0,0,0,0,0,0,0,0,55
79.6666666666667,0,0,0,0,0,0,0,0,55
79.7,0,0,0,0,0,0,0,0,55
79.7333333333333,0,0,0,0,0,0,0,0,55
79.7666666666667,0,0,0,0,0,0,0,0,55
79.8,0,0,0,0,0,0,0,0,55
79.8333333333333,0,0,0,0,0,0,0,0,55
79.8666666666667,0,0,0,0,0,0,0,0,55
79.9,0,0,0,0,0,0,0,0,55
79.9333333333333,0,0,0,0,0,0,0,0,55
79.9666666666667,0,0,0,0,0,0,0,0,55
80,0,0,0,0,0,0,0,0,55
80.0333333333333,0,0,0,0,0,0,0,0,55
80.0666666666667,0,0,0,0,0,0,0,0,55
80.1,0,0,0,0,0,0,0,0,55
80.1333333333333,0,0,0,0,0,0,0,0,55
80.1666666666667,0,0,0,0,0,0,0,0,55
80.2,0,0,0,0,0,0,0,0,55
80.2333333333333,0,0,0,0,0,0,0,0,55
80.2666666666667,0,0,0,0,0,0,0,0,55
80.3,0,0,0,0,0,0,0,0,55
80.3333333333333,0,0,0,0,0,0,0,0,55
80.3666666666667,0,0,0,0,0,0,0,0,55
80.4,0,0,0,0,0,0,0,0,55
80.4333333333333,0,0,0,0,0,0,0,0,55
80.4666666666667,0,0,0,0,0,0,0,0,55
80.5,0,0,0,0,0,0,0,0,55
80.5333333333333,0,0,0,0,0,0,0,0,55
80.5666666666667,0,0,0,0,0,0,0,0,55
80.6,0,0,0,0,0,0,0,0,55
80.6333333333333,0,0,0,0,0,0,0,0,55
80.6666666666667,0,0,0,0,0,0,0,0,55
80.7,0,0,0,0,0,0,0,0,55
80.7333333333333,0,0,0,0,0,0,0,0,55
80.7666666666667,0,0,0,0,0,0,0,0,55
80.8,0,0,0,0,0,0,0,0,55
80.8333333333333,0,0,0,0,0,0,0,0,55
80.8666666666667,0,0,0,0,0,0,0,0,55
80.9,0,0,0,0,0,0,0,0,55
80.9333333333333,0,0,0,0,0,0,0,0,55
80.9666666666667,0,0,0,0,0,0,0,0,55
81,0,0,0,0,0,0,0,0,55
81.0333333333333,0,0,0,0,0,0,0,0,55
81.0666666666667,0,0,0,0,0,0,0,0,55
81.1,0,0,0,0,0,0,0,0,55
81.1333333333333,0,0,0,0,0,0,0,0,55
81.1666666666667,0,0,0,0,0,0,0,0,55
81.2,0,0,0,0,0,0,0,0,55
81.2333333333333,0,0,0,0,0,0,0,0,55
81.2666666666667,0,0,0,0,0,0,0,0,55
81.3,0,0,0,0,0,0,0,0,55
81.3333333333333,0,0,0,0,0,0,0,0,55
81.3666666666667,0,0,0,0,0,0,0,0,55
81.4,0,0,0,0,0,0,0,0,55
81.4333333333333,0,0,0,0,0,0,0,0,55
81.4666666666667,0,0,0,0,0,0,0,0,55
81.5,0,0,0,0,0,0,0,0,55
81.5333333333333,0,0,0,0,0,0,0,0,55
81.5666666666667,0,0,0,0,0,0,0,0,55
81.6,0,0,0,0,0,0,0,0,55
81.6333333333333,0,0,0,0,0,0,0,0,55
81.6666666666667,0,0,0,0,0,0,0,0,55
81.7,0,0,0,0,0,0,0,0,55
81.7333333333333,0,0,0,0,0,0,0,0,55
81.7666666666667,0,0,0,0,0,0,0,0,55
81.8,0,0,0,0,0,0,0,0,55
81.8333333333333,0,0,0,0,0,0,0,0,55
81.8666666666667,0,0,0,0,0,0,0,0,55
81.9,0,0,0,0,0,0,0,0,55
81.9333333333333,0,0,0,0,0,0,0,0,55
81.9666666666667,0,0,0,0,0,0,0,0,55
82,0,0,0,0,0,0,0,0,55
82.0333333333333,0,0,0,0,0,0,0,0,55
82.0666666666667,0,0,0,0,0,0,0,0,55
82.1,0,0,0,0,0,0,0,0,55
82.1333333333333,0,0,0,0,0,0,0,0,55
82.1666666666667,0,0,0,0,0,0,0,0,55
82.2,0,0,0,0,0,0,0,0,55
82.2333333333333,0,0,0,0,0,0,0,0,55
82.2666666666667,0,0,0,0,0,0,0,0,55
82.3,0,0,0,0,0,0,0,0,55
82.3333333333333,0,0,0,0,0,0,0,0,55
82.3666666666667,0,0,0,0,0,0,0,0,55
82.4,0,0,0,0,0,0,0,0,55
82.4333333333333,0,0,0,0,0,0,0,0,55
82.4666666666667,0,0,0,0,0,0,0,0,55
82.5,0,0,0,0,0,0,0,0,55
82.5333333333333,0,0,0,0,0,0,0,0,55
82.5666666666667,0,0,0,0,0,0,0,0,55
82.6,0,0,0,0,0,0,0,0,55
82.6333333333333,0,0,0,0,0,0,0,0,55
82.6666666666667,0,0,0,0,0,0,0,0,55
82.7,0,0,0,0,0,0,0,0,55
82.7333333333333,0,0,0,0,0,0,0,0,55
82.7666666666667,0,0,0,0,0,0,0,0,55
82.8,0,0,0,0,0,0,0,0,55
82.8333333333333,0,0,0,0,0,0,0,0,55
82.8666666666667,0,0,0,0,0,0,0,0,55
82.9,0,0,0,0,0,0,0,0,55
82.9333333333333,0,0,0,0,0,0,0,0,55
82.9666666666667,0,0,0,0,0,0,0,0,55
